unit,product,indic_nrg,geotime,date,value
KTOE,0000,B_102010,AL,1990-01-01,528.0
KTOE,0000,B_102010,AL,1991-01-01,531.0
KTOE,0000,B_102010,AL,1992-01-01,509.0
KTOE,0000,B_102010,AL,1993-01-01,469.7
KTOE,0000,B_102010,AL,1994-01-01,452.1
KTOE,0000,B_102010,AL,1995-01-01,474.0
KTOE,0000,B_102010,AL,1996-01-01,516.0
KTOE,0000,B_102010,AL,1997-01-01,493.5
KTOE,0000,B_102010,AL,1998-01-01,483.6
KTOE,0000,B_102010,AL,1999-01-01,354.9
KTOE,0000,B_102010,AL,2000-01-01,376.2
KTOE,0000,B_102010,AL,2001-01-01,374.5
KTOE,0000,B_102010,AL,2002-01-01,574.5
KTOE,0000,B_102010,AL,2003-01-01,381.4
KTOE,0000,B_102010,AL,2004-01-01,549.3
KTOE,0000,B_102010,AL,2005-01-01,517.3
KTOE,0000,B_102010,AL,2006-01-01,451.9
KTOE,0000,B_102010,AL,2007-01-01,423.1
KTOE,0000,B_102010,AL,2008-01-01,445.3
KTOE,0000,B_102010,AL,2009-01-01,487.2
KTOE,0000,B_102010,AL,2010-01-01,489.0
KTOE,0000,B_102010,AL,2011-01-01,498.3
KTOE,0000,B_102010,AL,2012-01-01,509.1
KTOE,0000,B_102010,AL,2013-01-01,580.0
KTOE,0000,B_102010,AL,2014-01-01,556.2
KTOE,0000,B_102010,AL,2015-01-01,532.3
KTOE,0000,B_102010,AL,2016-01-01,508.7
KTOE,0000,B_102010,AT,1990-01-01,5873.8
KTOE,0000,B_102010,AT,1991-01-01,6524.7
KTOE,0000,B_102010,AT,1992-01-01,6158.2
KTOE,0000,B_102010,AT,1993-01-01,6270.0
KTOE,0000,B_102010,AT,1994-01-01,5914.5
KTOE,0000,B_102010,AT,1995-01-01,6322.2
KTOE,0000,B_102010,AT,1996-01-01,6964.2
KTOE,0000,B_102010,AT,1997-01-01,6274.2
KTOE,0000,B_102010,AT,1998-01-01,6380.8
KTOE,0000,B_102010,AT,1999-01-01,6539.9
KTOE,0000,B_102010,AT,2000-01-01,6340.3
KTOE,0000,B_102010,AT,2001-01-01,6682.4
KTOE,0000,B_102010,AT,2002-01-01,6428.9
KTOE,0000,B_102010,AT,2003-01-01,6555.0
KTOE,0000,B_102010,AT,2004-01-01,6424.7
KTOE,0000,B_102010,AT,2005-01-01,5999.8
KTOE,0000,B_102010,AT,2006-01-01,5798.4
KTOE,0000,B_102010,AT,2007-01-01,5565.8
KTOE,0000,B_102010,AT,2008-01-01,5667.0
KTOE,0000,B_102010,AT,2009-01-01,5737.2
KTOE,0000,B_102010,AT,2010-01-01,6243.8
KTOE,0000,B_102010,AT,2011-01-01,5822.5
KTOE,0000,B_102010,AT,2012-01-01,6198.6
KTOE,0000,B_102010,AT,2013-01-01,6634.3
KTOE,0000,B_102010,AT,2014-01-01,5844.5
KTOE,0000,B_102010,AT,2015-01-01,6155.3
KTOE,0000,B_102010,AT,2016-01-01,6323.8
KTOE,0000,B_102010,BA,1990-01-01,0.0
KTOE,0000,B_102010,BA,1991-01-01,0.0
KTOE,0000,B_102010,BA,1992-01-01,0.0
KTOE,0000,B_102010,BA,1993-01-01,0.0
KTOE,0000,B_102010,BA,1994-01-01,0.0
KTOE,0000,B_102010,BA,1995-01-01,0.0
KTOE,0000,B_102010,BA,1996-01-01,0.0
KTOE,0000,B_102010,BA,1997-01-01,0.0
KTOE,0000,B_102010,BA,1998-01-01,0.0
KTOE,0000,B_102010,BA,1999-01-01,0.0
KTOE,0000,B_102010,BA,2000-01-01,0.0
KTOE,0000,B_102010,BA,2001-01-01,0.0
KTOE,0000,B_102010,BA,2002-01-01,0.0
KTOE,0000,B_102010,BA,2003-01-01,0.0
KTOE,0000,B_102010,BA,2004-01-01,0.0
KTOE,0000,B_102010,BA,2005-01-01,0.0
KTOE,0000,B_102010,BA,2006-01-01,0.0
KTOE,0000,B_102010,BA,2007-01-01,0.0
KTOE,0000,B_102010,BA,2008-01-01,0.0
KTOE,0000,B_102010,BA,2009-01-01,0.0
KTOE,0000,B_102010,BA,2010-01-01,0.0
KTOE,0000,B_102010,BA,2011-01-01,0.0
KTOE,0000,B_102010,BA,2012-01-01,0.0
KTOE,0000,B_102010,BA,2013-01-01,0.0
KTOE,0000,B_102010,BA,2014-01-01,981.0
KTOE,0000,B_102010,BA,2015-01-01,1113.2
KTOE,0000,B_102010,BA,2016-01-01,1139.4
KTOE,0000,B_102010,BE,1990-01-01,8268.9
KTOE,0000,B_102010,BE,1991-01-01,9131.4
KTOE,0000,B_102010,BE,1992-01-01,9127.7
KTOE,0000,B_102010,BE,1993-01-01,9071.4
KTOE,0000,B_102010,BE,1994-01-01,8917.8
KTOE,0000,B_102010,BE,1995-01-01,9300.7
KTOE,0000,B_102010,BE,1996-01-01,10599.8
KTOE,0000,B_102010,BE,1997-01-01,9863.0
KTOE,0000,B_102010,BE,1998-01-01,9890.7
KTOE,0000,B_102010,BE,1999-01-01,9489.0
KTOE,0000,B_102010,BE,2000-01-01,9474.5
KTOE,0000,B_102010,BE,2001-01-01,9873.6
KTOE,0000,B_102010,BE,2002-01-01,9315.6
KTOE,0000,B_102010,BE,2003-01-01,9849.6
KTOE,0000,B_102010,BE,2004-01-01,10022.5
KTOE,0000,B_102010,BE,2005-01-01,9924.8
KTOE,0000,B_102010,BE,2006-01-01,8919.4
KTOE,0000,B_102010,BE,2007-01-01,8264.7
KTOE,0000,B_102010,BE,2008-01-01,8965.7
KTOE,0000,B_102010,BE,2009-01-01,8484.2
KTOE,0000,B_102010,BE,2010-01-01,9411.4
KTOE,0000,B_102010,BE,2011-01-01,7941.9
KTOE,0000,B_102010,BE,2012-01-01,8302.4
KTOE,0000,B_102010,BE,2013-01-01,8991.2
KTOE,0000,B_102010,BE,2014-01-01,7403.2
KTOE,0000,B_102010,BE,2015-01-01,8162.8
KTOE,0000,B_102010,BE,2016-01-01,8134.7
KTOE,0000,B_102010,BG,1990-01-01,2405.3
KTOE,0000,B_102010,BG,1991-01-01,2508.2
KTOE,0000,B_102010,BG,1992-01-01,2672.1
KTOE,0000,B_102010,BG,1993-01-01,2875.6
KTOE,0000,B_102010,BG,1994-01-01,2474.5
KTOE,0000,B_102010,BG,1995-01-01,2474.1
KTOE,0000,B_102010,BG,1996-01-01,2715.7
KTOE,0000,B_102010,BG,1997-01-01,2241.4
KTOE,0000,B_102010,BG,1998-01-01,2448.3
KTOE,0000,B_102010,BG,1999-01-01,2223.5
KTOE,0000,B_102010,BG,2000-01-01,2154.7
KTOE,0000,B_102010,BG,2001-01-01,2002.8
KTOE,0000,B_102010,BG,2002-01-01,2163.6
KTOE,0000,B_102010,BG,2003-01-01,2277.6
KTOE,0000,B_102010,BG,2004-01-01,2116.8
KTOE,0000,B_102010,BG,2005-01-01,2116.7
KTOE,0000,B_102010,BG,2006-01-01,2166.6
KTOE,0000,B_102010,BG,2007-01-01,2067.7
KTOE,0000,B_102010,BG,2008-01-01,2117.0
KTOE,0000,B_102010,BG,2009-01-01,2116.2
KTOE,0000,B_102010,BG,2010-01-01,2246.4
KTOE,0000,B_102010,BG,2011-01-01,2380.1
KTOE,0000,B_102010,BG,2012-01-01,2358.0
KTOE,0000,B_102010,BG,2013-01-01,2245.5
KTOE,0000,B_102010,BG,2014-01-01,2167.0
KTOE,0000,B_102010,BG,2015-01-01,2195.1
KTOE,0000,B_102010,BG,2016-01-01,2253.6
KTOE,0000,B_102010,CY,1990-01-01,106.5
KTOE,0000,B_102010,CY,1991-01-01,108.5
KTOE,0000,B_102010,CY,1992-01-01,130.4
KTOE,0000,B_102010,CY,1993-01-01,130.3
KTOE,0000,B_102010,CY,1994-01-01,136.6
KTOE,0000,B_102010,CY,1995-01-01,140.7
KTOE,0000,B_102010,CY,1996-01-01,147.3
KTOE,0000,B_102010,CY,1997-01-01,151.4
KTOE,0000,B_102010,CY,1998-01-01,156.2
KTOE,0000,B_102010,CY,1999-01-01,158.1
KTOE,0000,B_102010,CY,2000-01-01,175.7
KTOE,0000,B_102010,CY,2001-01-01,174.6
KTOE,0000,B_102010,CY,2002-01-01,192.9
KTOE,0000,B_102010,CY,2003-01-01,209.3
KTOE,0000,B_102010,CY,2004-01-01,201.5
KTOE,0000,B_102010,CY,2005-01-01,317.1
KTOE,0000,B_102010,CY,2006-01-01,328.3
KTOE,0000,B_102010,CY,2007-01-01,339.6
KTOE,0000,B_102010,CY,2008-01-01,333.1
KTOE,0000,B_102010,CY,2009-01-01,352.3
KTOE,0000,B_102010,CY,2010-01-01,332.5
KTOE,0000,B_102010,CY,2011-01-01,351.6
KTOE,0000,B_102010,CY,2012-01-01,345.4
KTOE,0000,B_102010,CY,2013-01-01,301.1
KTOE,0000,B_102010,CY,2014-01-01,289.7
KTOE,0000,B_102010,CY,2015-01-01,317.1
KTOE,0000,B_102010,CY,2016-01-01,326.3
KTOE,0000,B_102010,CZ,1990-01-01,7314.6
KTOE,0000,B_102010,CZ,1991-01-01,6994.2
KTOE,0000,B_102010,CZ,1992-01-01,6486.8
KTOE,0000,B_102010,CZ,1993-01-01,6387.6
KTOE,0000,B_102010,CZ,1994-01-01,6408.3
KTOE,0000,B_102010,CZ,1995-01-01,6581.4
KTOE,0000,B_102010,CZ,1996-01-01,7339.4
KTOE,0000,B_102010,CZ,1997-01-01,6982.7
KTOE,0000,B_102010,CZ,1998-01-01,6563.2
KTOE,0000,B_102010,CZ,1999-01-01,6516.9
KTOE,0000,B_102010,CZ,2000-01-01,6422.8
KTOE,0000,B_102010,CZ,2001-01-01,6996.6
KTOE,0000,B_102010,CZ,2002-01-01,6706.8
KTOE,0000,B_102010,CZ,2003-01-01,6912.6
KTOE,0000,B_102010,CZ,2004-01-01,6810.6
KTOE,0000,B_102010,CZ,2005-01-01,6649.2
KTOE,0000,B_102010,CZ,2006-01-01,6762.9
KTOE,0000,B_102010,CZ,2007-01-01,6385.4
KTOE,0000,B_102010,CZ,2008-01-01,6481.3
KTOE,0000,B_102010,CZ,2009-01-01,6615.4
KTOE,0000,B_102010,CZ,2010-01-01,7399.4
KTOE,0000,B_102010,CZ,2011-01-01,6818.9
KTOE,0000,B_102010,CZ,2012-01-01,7061.9
KTOE,0000,B_102010,CZ,2013-01-01,7206.2
KTOE,0000,B_102010,CZ,2014-01-01,6481.5
KTOE,0000,B_102010,CZ,2015-01-01,6685.1
KTOE,0000,B_102010,CZ,2016-01-01,6991.6
KTOE,0000,B_102010,DE,1990-01-01,62838.0
KTOE,0000,B_102010,DE,1991-01-01,64961.2
KTOE,0000,B_102010,DE,1992-01-01,62181.2
KTOE,0000,B_102010,DE,1993-01-01,66269.2
KTOE,0000,B_102010,DE,1994-01-01,63744.0
KTOE,0000,B_102010,DE,1995-01-01,66250.4
KTOE,0000,B_102010,DE,1996-01-01,72325.2
KTOE,0000,B_102010,DE,1997-01-01,71260.9
KTOE,0000,B_102010,DE,1998-01-01,70254.1
KTOE,0000,B_102010,DE,1999-01-01,65997.2
KTOE,0000,B_102010,DE,2000-01-01,65237.4
KTOE,0000,B_102010,DE,2001-01-01,69735.6
KTOE,0000,B_102010,DE,2002-01-01,67186.3
KTOE,0000,B_102010,DE,2003-01-01,66479.2
KTOE,0000,B_102010,DE,2004-01-01,64489.1
KTOE,0000,B_102010,DE,2005-01-01,63498.2
KTOE,0000,B_102010,DE,2006-01-01,63899.4
KTOE,0000,B_102010,DE,2007-01-01,54433.9
KTOE,0000,B_102010,DE,2008-01-01,60601.7
KTOE,0000,B_102010,DE,2009-01-01,58542.3
KTOE,0000,B_102010,DE,2010-01-01,62453.8
KTOE,0000,B_102010,DE,2011-01-01,54563.9
KTOE,0000,B_102010,DE,2012-01-01,56627.4
KTOE,0000,B_102010,DE,2013-01-01,59697.9
KTOE,0000,B_102010,DE,2014-01-01,51527.5
KTOE,0000,B_102010,DE,2015-01-01,53171.0
KTOE,0000,B_102010,DE,2016-01-01,56045.8
KTOE,0000,B_102010,DK,1990-01-01,4006.3
KTOE,0000,B_102010,DK,1991-01-01,4354.9
KTOE,0000,B_102010,DK,1992-01-01,4187.6
KTOE,0000,B_102010,DK,1993-01-01,4544.8
KTOE,0000,B_102010,DK,1994-01-01,4380.4
KTOE,0000,B_102010,DK,1995-01-01,4478.8
KTOE,0000,B_102010,DK,1996-01-01,4784.7
KTOE,0000,B_102010,DK,1997-01-01,4472.2
KTOE,0000,B_102010,DK,1998-01-01,4453.5
KTOE,0000,B_102010,DK,1999-01-01,4335.0
KTOE,0000,B_102010,DK,2000-01-01,4161.9
KTOE,0000,B_102010,DK,2001-01-01,4410.2
KTOE,0000,B_102010,DK,2002-01-01,4303.7
KTOE,0000,B_102010,DK,2003-01-01,4413.1
KTOE,0000,B_102010,DK,2004-01-01,4400.8
KTOE,0000,B_102010,DK,2005-01-01,4451.6
KTOE,0000,B_102010,DK,2006-01-01,4444.5
KTOE,0000,B_102010,DK,2007-01-01,4446.0
KTOE,0000,B_102010,DK,2008-01-01,4423.9
KTOE,0000,B_102010,DK,2009-01-01,4426.5
KTOE,0000,B_102010,DK,2010-01-01,4914.5
KTOE,0000,B_102010,DK,2011-01-01,4399.1
KTOE,0000,B_102010,DK,2012-01-01,4340.2
KTOE,0000,B_102010,DK,2013-01-01,4371.7
KTOE,0000,B_102010,DK,2014-01-01,4028.1
KTOE,0000,B_102010,DK,2015-01-01,4297.4
KTOE,0000,B_102010,DK,2016-01-01,4463.2
KTOE,0000,B_102010,EA19,1990-01-01,178954.7
KTOE,0000,B_102010,EA19,1991-01-01,191721.3
KTOE,0000,B_102010,EA19,1992-01-01,185251.1
KTOE,0000,B_102010,EA19,1993-01-01,188807.0
KTOE,0000,B_102010,EA19,1994-01-01,181434.0
KTOE,0000,B_102010,EA19,1995-01-01,187070.8
KTOE,0000,B_102010,EA19,1996-01-01,202808.0
KTOE,0000,B_102010,EA19,1997-01-01,195656.4
KTOE,0000,B_102010,EA19,1998-01-01,197403.1
KTOE,0000,B_102010,EA19,1999-01-01,194603.1
KTOE,0000,B_102010,EA19,2000-01-01,194355.0
KTOE,0000,B_102010,EA19,2001-01-01,205519.0
KTOE,0000,B_102010,EA19,2002-01-01,200708.1
KTOE,0000,B_102010,EA19,2003-01-01,207435.1
KTOE,0000,B_102010,EA19,2004-01-01,207239.9
KTOE,0000,B_102010,EA19,2005-01-01,207396.0
KTOE,0000,B_102010,EA19,2006-01-01,204889.1
KTOE,0000,B_102010,EA19,2007-01-01,190847.2
KTOE,0000,B_102010,EA19,2008-01-01,203544.0
KTOE,0000,B_102010,EA19,2009-01-01,201842.2
KTOE,0000,B_102010,EA19,2010-01-01,212468.2
KTOE,0000,B_102010,EA19,2011-01-01,188389.9
KTOE,0000,B_102010,EA19,2012-01-01,197213.7
KTOE,0000,B_102010,EA19,2013-01-01,201730.6
KTOE,0000,B_102010,EA19,2014-01-01,175601.0
KTOE,0000,B_102010,EA19,2015-01-01,184382.8
KTOE,0000,B_102010,EA19,2016-01-01,189896.2
KTOE,0000,B_102010,EE,1990-01-01,918.2
KTOE,0000,B_102010,EE,1991-01-01,814.2
KTOE,0000,B_102010,EE,1992-01-01,772.6
KTOE,0000,B_102010,EE,1993-01-01,779.6
KTOE,0000,B_102010,EE,1994-01-01,895.6
KTOE,0000,B_102010,EE,1995-01-01,962.6
KTOE,0000,B_102010,EE,1996-01-01,1195.6
KTOE,0000,B_102010,EE,1997-01-01,1203.7
KTOE,0000,B_102010,EE,1998-01-01,1043.8
KTOE,0000,B_102010,EE,1999-01-01,958.2
KTOE,0000,B_102010,EE,2000-01-01,929.4
KTOE,0000,B_102010,EE,2001-01-01,948.8
KTOE,0000,B_102010,EE,2002-01-01,917.7
KTOE,0000,B_102010,EE,2003-01-01,925.8
KTOE,0000,B_102010,EE,2004-01-01,923.3
KTOE,0000,B_102010,EE,2005-01-01,890.4
KTOE,0000,B_102010,EE,2006-01-01,882.2
KTOE,0000,B_102010,EE,2007-01-01,962.7
KTOE,0000,B_102010,EE,2008-01-01,953.5
KTOE,0000,B_102010,EE,2009-01-01,970.7
KTOE,0000,B_102010,EE,2010-01-01,1027.7
KTOE,0000,B_102010,EE,2011-01-01,936.3
KTOE,0000,B_102010,EE,2012-01-01,972.1
KTOE,0000,B_102010,EE,2013-01-01,934.8
KTOE,0000,B_102010,EE,2014-01-01,889.3
KTOE,0000,B_102010,EE,2015-01-01,858.2
KTOE,0000,B_102010,EE,2016-01-01,930.6
KTOE,0000,B_102010,EL,1990-01-01,3057.8
KTOE,0000,B_102010,EL,1991-01-01,3146.5
KTOE,0000,B_102010,EL,1992-01-01,3175.2
KTOE,0000,B_102010,EL,1993-01-01,3157.9
KTOE,0000,B_102010,EL,1994-01-01,3208.2
KTOE,0000,B_102010,EL,1995-01-01,3333.6
KTOE,0000,B_102010,EL,1996-01-01,3951.5
KTOE,0000,B_102010,EL,1997-01-01,4091.5
KTOE,0000,B_102010,EL,1998-01-01,4229.0
KTOE,0000,B_102010,EL,1999-01-01,4248.4
KTOE,0000,B_102010,EL,2000-01-01,4502.2
KTOE,0000,B_102010,EL,2001-01-01,4719.3
KTOE,0000,B_102010,EL,2002-01-01,4916.5
KTOE,0000,B_102010,EL,2003-01-01,5510.0
KTOE,0000,B_102010,EL,2004-01-01,5412.2
KTOE,0000,B_102010,EL,2005-01-01,5509.8
KTOE,0000,B_102010,EL,2006-01-01,5504.5
KTOE,0000,B_102010,EL,2007-01-01,5388.3
KTOE,0000,B_102010,EL,2008-01-01,5222.6
KTOE,0000,B_102010,EL,2009-01-01,4835.6
KTOE,0000,B_102010,EL,2010-01-01,4615.0
KTOE,0000,B_102010,EL,2011-01-01,5469.9
KTOE,0000,B_102010,EL,2012-01-01,5039.4
KTOE,0000,B_102010,EL,2013-01-01,3764.0
KTOE,0000,B_102010,EL,2014-01-01,3786.0
KTOE,0000,B_102010,EL,2015-01-01,4400.5
KTOE,0000,B_102010,EL,2016-01-01,4287.2
KTOE,0000,B_102010,ES,1990-01-01,9162.0
KTOE,0000,B_102010,ES,1991-01-01,9673.7
KTOE,0000,B_102010,ES,1992-01-01,9755.3
KTOE,0000,B_102010,ES,1993-01-01,9796.3
KTOE,0000,B_102010,ES,1994-01-01,10263.2
KTOE,0000,B_102010,ES,1995-01-01,10009.4
KTOE,0000,B_102010,ES,1996-01-01,10569.9
KTOE,0000,B_102010,ES,1997-01-01,10752.9
KTOE,0000,B_102010,ES,1998-01-01,11098.4
KTOE,0000,B_102010,ES,1999-01-01,11806.0
KTOE,0000,B_102010,ES,2000-01-01,11999.9
KTOE,0000,B_102010,ES,2001-01-01,12620.2
KTOE,0000,B_102010,ES,2002-01-01,12952.6
KTOE,0000,B_102010,ES,2003-01-01,13897.7
KTOE,0000,B_102010,ES,2004-01-01,14671.0
KTOE,0000,B_102010,ES,2005-01-01,15131.9
KTOE,0000,B_102010,ES,2006-01-01,15578.0
KTOE,0000,B_102010,ES,2007-01-01,15623.6
KTOE,0000,B_102010,ES,2008-01-01,15494.8
KTOE,0000,B_102010,ES,2009-01-01,15923.4
KTOE,0000,B_102010,ES,2010-01-01,16919.6
KTOE,0000,B_102010,ES,2011-01-01,15627.0
KTOE,0000,B_102010,ES,2012-01-01,15524.9
KTOE,0000,B_102010,ES,2013-01-01,14881.9
KTOE,0000,B_102010,ES,2014-01-01,14709.2
KTOE,0000,B_102010,ES,2015-01-01,14876.2
KTOE,0000,B_102010,ES,2016-01-01,15062.8
KTOE,0000,B_102010,EU28,1990-01-01,274039.8
KTOE,0000,B_102010,EU28,1991-01-01,290904.9
KTOE,0000,B_102010,EU28,1992-01-01,282287.0
KTOE,0000,B_102010,EU28,1993-01-01,291794.4
KTOE,0000,B_102010,EU28,1994-01-01,280838.5
KTOE,0000,B_102010,EU28,1995-01-01,285129.9
KTOE,0000,B_102010,EU28,1996-01-01,309786.4
KTOE,0000,B_102010,EU28,1997-01-01,298001.2
KTOE,0000,B_102010,EU28,1998-01-01,298160.5
KTOE,0000,B_102010,EU28,1999-01-01,293904.7
KTOE,0000,B_102010,EU28,2000-01-01,290928.9
KTOE,0000,B_102010,EU28,2001-01-01,305273.4
KTOE,0000,B_102010,EU28,2002-01-01,299086.7
KTOE,0000,B_102010,EU28,2003-01-01,309000.0
KTOE,0000,B_102010,EU28,2004-01-01,308927.0
KTOE,0000,B_102010,EU28,2005-01-01,309390.4
KTOE,0000,B_102010,EU28,2006-01-01,306063.9
KTOE,0000,B_102010,EU28,2007-01-01,287590.8
KTOE,0000,B_102010,EU28,2008-01-01,302038.1
KTOE,0000,B_102010,EU28,2009-01-01,300199.5
KTOE,0000,B_102010,EU28,2010-01-01,320040.1
KTOE,0000,B_102010,EU28,2011-01-01,284356.2
KTOE,0000,B_102010,EU28,2012-01-01,297461.9
KTOE,0000,B_102010,EU28,2013-01-01,301258.2
KTOE,0000,B_102010,EU28,2014-01-01,265084.4
KTOE,0000,B_102010,EU28,2015-01-01,276366.3
KTOE,0000,B_102010,EU28,2016-01-01,284831.9
KTOE,0000,B_102010,FI,1990-01-01,5345.3
KTOE,0000,B_102010,FI,1991-01-01,5571.1
KTOE,0000,B_102010,FI,1992-01-01,5560.5
KTOE,0000,B_102010,FI,1993-01-01,5339.2
KTOE,0000,B_102010,FI,1994-01-01,5535.2
KTOE,0000,B_102010,FI,1995-01-01,5442.7
KTOE,0000,B_102010,FI,1996-01-01,5364.5
KTOE,0000,B_102010,FI,1997-01-01,5227.5
KTOE,0000,B_102010,FI,1998-01-01,5397.8
KTOE,0000,B_102010,FI,1999-01-01,5172.0
KTOE,0000,B_102010,FI,2000-01-01,4489.8
KTOE,0000,B_102010,FI,2001-01-01,4881.8
KTOE,0000,B_102010,FI,2002-01-01,4967.6
KTOE,0000,B_102010,FI,2003-01-01,5116.5
KTOE,0000,B_102010,FI,2004-01-01,5035.7
KTOE,0000,B_102010,FI,2005-01-01,5019.7
KTOE,0000,B_102010,FI,2006-01-01,5121.6
KTOE,0000,B_102010,FI,2007-01-01,5123.6
KTOE,0000,B_102010,FI,2008-01-01,5040.6
KTOE,0000,B_102010,FI,2009-01-01,5299.3
KTOE,0000,B_102010,FI,2010-01-01,5814.0
KTOE,0000,B_102010,FI,2011-01-01,5081.7
KTOE,0000,B_102010,FI,2012-01-01,5432.2
KTOE,0000,B_102010,FI,2013-01-01,5114.7
KTOE,0000,B_102010,FI,2014-01-01,5070.3
KTOE,0000,B_102010,FI,2015-01-01,4898.0
KTOE,0000,B_102010,FI,2016-01-01,5291.7
KTOE,0000,B_102010,FR,1990-01-01,35124.1
KTOE,0000,B_102010,FR,1991-01-01,39692.7
KTOE,0000,B_102010,FR,1992-01-01,39146.6
KTOE,0000,B_102010,FR,1993-01-01,38112.0
KTOE,0000,B_102010,FR,1994-01-01,35978.4
KTOE,0000,B_102010,FR,1995-01-01,35400.4
KTOE,0000,B_102010,FR,1996-01-01,39117.4
KTOE,0000,B_102010,FR,1997-01-01,36939.7
KTOE,0000,B_102010,FR,1998-01-01,38011.5
KTOE,0000,B_102010,FR,1999-01-01,38498.2
KTOE,0000,B_102010,FR,2000-01-01,40515.4
KTOE,0000,B_102010,FR,2001-01-01,42404.7
KTOE,0000,B_102010,FR,2002-01-01,40741.1
KTOE,0000,B_102010,FR,2003-01-01,42383.6
KTOE,0000,B_102010,FR,2004-01-01,44026.1
KTOE,0000,B_102010,FR,2005-01-01,42923.0
KTOE,0000,B_102010,FR,2006-01-01,42167.9
KTOE,0000,B_102010,FR,2007-01-01,39979.8
KTOE,0000,B_102010,FR,2008-01-01,43476.9
KTOE,0000,B_102010,FR,2009-01-01,43174.5
KTOE,0000,B_102010,FR,2010-01-01,44329.2
KTOE,0000,B_102010,FR,2011-01-01,37646.9
KTOE,0000,B_102010,FR,2012-01-01,41359.7
KTOE,0000,B_102010,FR,2013-01-01,43670.9
KTOE,0000,B_102010,FR,2014-01-01,36106.6
KTOE,0000,B_102010,FR,2015-01-01,38087.5
KTOE,0000,B_102010,FR,2016-01-01,39832.6
KTOE,0000,B_102010,HR,1990-01-01,1977.3
KTOE,0000,B_102010,HR,1991-01-01,2300.8
KTOE,0000,B_102010,HR,1992-01-01,2008.6
KTOE,0000,B_102010,HR,1993-01-01,2083.9
KTOE,0000,B_102010,HR,1994-01-01,1989.3
KTOE,0000,B_102010,HR,1995-01-01,2192.2
KTOE,0000,B_102010,HR,1996-01-01,2389.2
KTOE,0000,B_102010,HR,1997-01-01,2389.3
KTOE,0000,B_102010,HR,1998-01-01,2393.2
KTOE,0000,B_102010,HR,1999-01-01,2490.8
KTOE,0000,B_102010,HR,2000-01-01,2294.5
KTOE,0000,B_102010,HR,2001-01-01,2468.9
KTOE,0000,B_102010,HR,2002-01-01,2483.8
KTOE,0000,B_102010,HR,2003-01-01,2704.5
KTOE,0000,B_102010,HR,2004-01-01,2699.5
KTOE,0000,B_102010,HR,2005-01-01,2815.0
KTOE,0000,B_102010,HR,2006-01-01,2653.7
KTOE,0000,B_102010,HR,2007-01-01,2521.6
KTOE,0000,B_102010,HR,2008-01-01,2580.3
KTOE,0000,B_102010,HR,2009-01-01,2632.1
KTOE,0000,B_102010,HR,2010-01-01,2755.5
KTOE,0000,B_102010,HR,2011-01-01,2629.4
KTOE,0000,B_102010,HR,2012-01-01,2547.0
KTOE,0000,B_102010,HR,2013-01-01,2478.0
KTOE,0000,B_102010,HR,2014-01-01,2215.9
KTOE,0000,B_102010,HR,2015-01-01,2415.0
KTOE,0000,B_102010,HR,2016-01-01,2393.1
KTOE,0000,B_102010,HU,1990-01-01,7052.7
KTOE,0000,B_102010,HU,1991-01-01,7297.3
KTOE,0000,B_102010,HU,1992-01-01,6476.5
KTOE,0000,B_102010,HU,1993-01-01,6424.9
KTOE,0000,B_102010,HU,1994-01-01,6285.3
KTOE,0000,B_102010,HU,1995-01-01,6254.7
KTOE,0000,B_102010,HU,1996-01-01,6286.0
KTOE,0000,B_102010,HU,1997-01-01,5862.2
KTOE,0000,B_102010,HU,1998-01-01,5650.8
KTOE,0000,B_102010,HU,1999-01-01,5796.2
KTOE,0000,B_102010,HU,2000-01-01,5603.2
KTOE,0000,B_102010,HU,2001-01-01,6009.5
KTOE,0000,B_102010,HU,2002-01-01,6017.5
KTOE,0000,B_102010,HU,2003-01-01,6604.5
KTOE,0000,B_102010,HU,2004-01-01,6096.0
KTOE,0000,B_102010,HU,2005-01-01,6974.3
KTOE,0000,B_102010,HU,2006-01-01,6716.8
KTOE,0000,B_102010,HU,2007-01-01,6119.1
KTOE,0000,B_102010,HU,2008-01-01,6018.5
KTOE,0000,B_102010,HU,2009-01-01,6312.0
KTOE,0000,B_102010,HU,2010-01-01,6649.3
KTOE,0000,B_102010,HU,2011-01-01,6569.4
KTOE,0000,B_102010,HU,2012-01-01,6376.4
KTOE,0000,B_102010,HU,2013-01-01,6209.9
KTOE,0000,B_102010,HU,2014-01-01,5487.6
KTOE,0000,B_102010,HU,2015-01-01,5969.9
KTOE,0000,B_102010,HU,2016-01-01,6156.7
KTOE,0000,B_102010,IE,1990-01-01,2346.3
KTOE,0000,B_102010,IE,1991-01-01,2313.6
KTOE,0000,B_102010,IE,1992-01-01,2141.9
KTOE,0000,B_102010,IE,1993-01-01,2160.9
KTOE,0000,B_102010,IE,1994-01-01,2175.9
KTOE,0000,B_102010,IE,1995-01-01,2219.8
KTOE,0000,B_102010,IE,1996-01-01,2299.7
KTOE,0000,B_102010,IE,1997-01-01,2233.3
KTOE,0000,B_102010,IE,1998-01-01,2417.6
KTOE,0000,B_102010,IE,1999-01-01,2450.8
KTOE,0000,B_102010,IE,2000-01-01,2513.0
KTOE,0000,B_102010,IE,2001-01-01,2661.6
KTOE,0000,B_102010,IE,2002-01-01,2624.2
KTOE,0000,B_102010,IE,2003-01-01,2746.6
KTOE,0000,B_102010,IE,2004-01-01,2867.4
KTOE,0000,B_102010,IE,2005-01-01,2954.2
KTOE,0000,B_102010,IE,2006-01-01,3085.1
KTOE,0000,B_102010,IE,2007-01-01,2958.2
KTOE,0000,B_102010,IE,2008-01-01,3205.6
KTOE,0000,B_102010,IE,2009-01-01,3144.2
KTOE,0000,B_102010,IE,2010-01-01,3296.2
KTOE,0000,B_102010,IE,2011-01-01,2766.3
KTOE,0000,B_102010,IE,2012-01-01,2743.2
KTOE,0000,B_102010,IE,2013-01-01,2803.0
KTOE,0000,B_102010,IE,2014-01-01,2590.3
KTOE,0000,B_102010,IE,2015-01-01,2711.2
KTOE,0000,B_102010,IE,2016-01-01,2667.6
KTOE,0000,B_102010,IS,1990-01-01,282.0
KTOE,0000,B_102010,IS,1991-01-01,273.0
KTOE,0000,B_102010,IS,1992-01-01,285.5
KTOE,0000,B_102010,IS,1993-01-01,285.9
KTOE,0000,B_102010,IS,1994-01-01,288.0
KTOE,0000,B_102010,IS,1995-01-01,293.4
KTOE,0000,B_102010,IS,1996-01-01,284.9
KTOE,0000,B_102010,IS,1997-01-01,288.4
KTOE,0000,B_102010,IS,1998-01-01,289.4
KTOE,0000,B_102010,IS,1999-01-01,299.9
KTOE,0000,B_102010,IS,2000-01-01,310.7
KTOE,0000,B_102010,IS,2001-01-01,313.2
KTOE,0000,B_102010,IS,2002-01-01,321.5
KTOE,0000,B_102010,IS,2003-01-01,319.0
KTOE,0000,B_102010,IS,2004-01-01,328.3
KTOE,0000,B_102010,IS,2005-01-01,335.0
KTOE,0000,B_102010,IS,2006-01-01,343.9
KTOE,0000,B_102010,IS,2007-01-01,359.9
KTOE,0000,B_102010,IS,2008-01-01,374.9
KTOE,0000,B_102010,IS,2009-01-01,375.1
KTOE,0000,B_102010,IS,2010-01-01,377.6
KTOE,0000,B_102010,IS,2011-01-01,370.8
KTOE,0000,B_102010,IS,2012-01-01,400.5
KTOE,0000,B_102010,IS,2013-01-01,399.2
KTOE,0000,B_102010,IS,2014-01-01,384.8
KTOE,0000,B_102010,IS,2015-01-01,392.5
KTOE,0000,B_102010,IS,2016-01-01,474.5
KTOE,0000,B_102010,IT,1990-01-01,26059.6
KTOE,0000,B_102010,IT,1991-01-01,28243.4
KTOE,0000,B_102010,IT,1992-01-01,26942.5
KTOE,0000,B_102010,IT,1993-01-01,26799.5
KTOE,0000,B_102010,IT,1994-01-01,24259.6
KTOE,0000,B_102010,IT,1995-01-01,26322.2
KTOE,0000,B_102010,IT,1996-01-01,26911.4
KTOE,0000,B_102010,IT,1997-01-01,26185.6
KTOE,0000,B_102010,IT,1998-01-01,27512.1
KTOE,0000,B_102010,IT,1999-01-01,28620.6
KTOE,0000,B_102010,IT,2000-01-01,27590.2
KTOE,0000,B_102010,IT,2001-01-01,28905.2
KTOE,0000,B_102010,IT,2002-01-01,28741.3
KTOE,0000,B_102010,IT,2003-01-01,31590.0
KTOE,0000,B_102010,IT,2004-01-01,31425.2
KTOE,0000,B_102010,IT,2005-01-01,33921.6
KTOE,0000,B_102010,IT,2006-01-01,32423.7
KTOE,0000,B_102010,IT,2007-01-01,32339.6
KTOE,0000,B_102010,IT,2008-01-01,33611.7
KTOE,0000,B_102010,IT,2009-01-01,34040.6
KTOE,0000,B_102010,IT,2010-01-01,35392.9
KTOE,0000,B_102010,IT,2011-01-01,32378.1
KTOE,0000,B_102010,IT,2012-01-01,34348.3
KTOE,0000,B_102010,IT,2013-01-01,34230.6
KTOE,0000,B_102010,IT,2014-01-01,29546.0
KTOE,0000,B_102010,IT,2015-01-01,32494.5
KTOE,0000,B_102010,IT,2016-01-01,32185.1
KTOE,0000,B_102010,LT,1990-01-01,1844.4
KTOE,0000,B_102010,LT,1991-01-01,2008.9
KTOE,0000,B_102010,LT,1992-01-01,1631.2
KTOE,0000,B_102010,LT,1993-01-01,1716.3
KTOE,0000,B_102010,LT,1994-01-01,1751.8
KTOE,0000,B_102010,LT,1995-01-01,1642.3
KTOE,0000,B_102010,LT,1996-01-01,1552.2
KTOE,0000,B_102010,LT,1997-01-01,1500.8
KTOE,0000,B_102010,LT,1998-01-01,1452.6
KTOE,0000,B_102010,LT,1999-01-01,1404.2
KTOE,0000,B_102010,LT,2000-01-01,1367.6
KTOE,0000,B_102010,LT,2001-01-01,1419.2
KTOE,0000,B_102010,LT,2002-01-01,1442.4
KTOE,0000,B_102010,LT,2003-01-01,1467.7
KTOE,0000,B_102010,LT,2004-01-01,1481.4
KTOE,0000,B_102010,LT,2005-01-01,1509.0
KTOE,0000,B_102010,LT,2006-01-01,1573.0
KTOE,0000,B_102010,LT,2007-01-01,1507.7
KTOE,0000,B_102010,LT,2008-01-01,1557.4
KTOE,0000,B_102010,LT,2009-01-01,1574.4
KTOE,0000,B_102010,LT,2010-01-01,1599.1
KTOE,0000,B_102010,LT,2011-01-01,1538.6
KTOE,0000,B_102010,LT,2012-01-01,1542.3
KTOE,0000,B_102010,LT,2013-01-01,1474.9
KTOE,0000,B_102010,LT,2014-01-01,1407.1
KTOE,0000,B_102010,LT,2015-01-01,1364.6
KTOE,0000,B_102010,LT,2016-01-01,1439.8
KTOE,0000,B_102010,LU,1990-01-01,498.2
KTOE,0000,B_102010,LU,1991-01-01,590.2
KTOE,0000,B_102010,LU,1992-01-01,568.3
KTOE,0000,B_102010,LU,1993-01-01,566.5
KTOE,0000,B_102010,LU,1994-01-01,549.4
KTOE,0000,B_102010,LU,1995-01-01,556.8
KTOE,0000,B_102010,LU,1996-01-01,617.7
KTOE,0000,B_102010,LU,1997-01-01,598.6
KTOE,0000,B_102010,LU,1998-01-01,625.8
KTOE,0000,B_102010,LU,1999-01-01,571.1
KTOE,0000,B_102010,LU,2000-01-01,468.0
KTOE,0000,B_102010,LU,2001-01-01,503.5
KTOE,0000,B_102010,LU,2002-01-01,483.1
KTOE,0000,B_102010,LU,2003-01-01,501.0
KTOE,0000,B_102010,LU,2004-01-01,532.5
KTOE,0000,B_102010,LU,2005-01-01,524.6
KTOE,0000,B_102010,LU,2006-01-01,516.4
KTOE,0000,B_102010,LU,2007-01-01,501.7
KTOE,0000,B_102010,LU,2008-01-01,510.3
KTOE,0000,B_102010,LU,2009-01-01,517.0
KTOE,0000,B_102010,LU,2010-01-01,507.4
KTOE,0000,B_102010,LU,2011-01-01,454.8
KTOE,0000,B_102010,LU,2012-01-01,490.6
KTOE,0000,B_102010,LU,2013-01-01,497.4
KTOE,0000,B_102010,LU,2014-01-01,465.1
KTOE,0000,B_102010,LU,2015-01-01,507.5
KTOE,0000,B_102010,LU,2016-01-01,489.9
KTOE,0000,B_102010,LV,1990-01-01,1582.8
KTOE,0000,B_102010,LV,1991-01-01,1762.8
KTOE,0000,B_102010,LV,1992-01-01,1686.4
KTOE,0000,B_102010,LV,1993-01-01,1738.2
KTOE,0000,B_102010,LV,1994-01-01,1667.2
KTOE,0000,B_102010,LV,1995-01-01,1600.6
KTOE,0000,B_102010,LV,1996-01-01,1691.8
KTOE,0000,B_102010,LV,1997-01-01,1540.6
KTOE,0000,B_102010,LV,1998-01-01,1499.3
KTOE,0000,B_102010,LV,1999-01-01,1410.0
KTOE,0000,B_102010,LV,2000-01-01,1326.6
KTOE,0000,B_102010,LV,2001-01-01,1442.3
KTOE,0000,B_102010,LV,2002-01-01,1431.0
KTOE,0000,B_102010,LV,2003-01-01,1498.8
KTOE,0000,B_102010,LV,2004-01-01,1472.8
KTOE,0000,B_102010,LV,2005-01-01,1503.9
KTOE,0000,B_102010,LV,2006-01-01,1480.6
KTOE,0000,B_102010,LV,2007-01-01,1457.7
KTOE,0000,B_102010,LV,2008-01-01,1451.5
KTOE,0000,B_102010,LV,2009-01-01,1534.6
KTOE,0000,B_102010,LV,2010-01-01,1388.9
KTOE,0000,B_102010,LV,2011-01-01,1327.4
KTOE,0000,B_102010,LV,2012-01-01,1376.2
KTOE,0000,B_102010,LV,2013-01-01,1267.2
KTOE,0000,B_102010,LV,2014-01-01,1238.5
KTOE,0000,B_102010,LV,2015-01-01,1105.6
KTOE,0000,B_102010,LV,2016-01-01,1143.5
KTOE,0000,B_102010,ME,1990-01-01,0.0
KTOE,0000,B_102010,ME,1991-01-01,0.0
KTOE,0000,B_102010,ME,1992-01-01,0.0
KTOE,0000,B_102010,ME,1993-01-01,0.0
KTOE,0000,B_102010,ME,1994-01-01,0.0
KTOE,0000,B_102010,ME,1995-01-01,0.0
KTOE,0000,B_102010,ME,1996-01-01,0.0
KTOE,0000,B_102010,ME,1997-01-01,0.0
KTOE,0000,B_102010,ME,1998-01-01,0.0
KTOE,0000,B_102010,ME,1999-01-01,0.0
KTOE,0000,B_102010,ME,2000-01-01,0.0
KTOE,0000,B_102010,ME,2001-01-01,0.0
KTOE,0000,B_102010,ME,2002-01-01,0.0
KTOE,0000,B_102010,ME,2003-01-01,0.0
KTOE,0000,B_102010,ME,2004-01-01,0.0
KTOE,0000,B_102010,ME,2005-01-01,243.4
KTOE,0000,B_102010,ME,2006-01-01,247.1
KTOE,0000,B_102010,ME,2007-01-01,245.4
KTOE,0000,B_102010,ME,2008-01-01,251.1
KTOE,0000,B_102010,ME,2009-01-01,266.3
KTOE,0000,B_102010,ME,2010-01-01,274.7
KTOE,0000,B_102010,ME,2011-01-01,268.9
KTOE,0000,B_102010,ME,2012-01-01,281.3
KTOE,0000,B_102010,ME,2013-01-01,269.3
KTOE,0000,B_102010,ME,2014-01-01,256.3
KTOE,0000,B_102010,ME,2015-01-01,265.4
KTOE,0000,B_102010,ME,2016-01-01,264.5
KTOE,0000,B_102010,MK,1990-01-01,300.4
KTOE,0000,B_102010,MK,1991-01-01,308.4
KTOE,0000,B_102010,MK,1992-01-01,504.5
KTOE,0000,B_102010,MK,1993-01-01,419.9
KTOE,0000,B_102010,MK,1994-01-01,483.4
KTOE,0000,B_102010,MK,1995-01-01,444.1
KTOE,0000,B_102010,MK,1996-01-01,472.3
KTOE,0000,B_102010,MK,1997-01-01,464.5
KTOE,0000,B_102010,MK,1998-01-01,428.4
KTOE,0000,B_102010,MK,1999-01-01,452.2
KTOE,0000,B_102010,MK,2000-01-01,480.2
KTOE,0000,B_102010,MK,2001-01-01,440.7
KTOE,0000,B_102010,MK,2002-01-01,449.3
KTOE,0000,B_102010,MK,2003-01-01,493.3
KTOE,0000,B_102010,MK,2004-01-01,490.2
KTOE,0000,B_102010,MK,2005-01-01,539.9
KTOE,0000,B_102010,MK,2006-01-01,545.8
KTOE,0000,B_102010,MK,2007-01-01,533.9
KTOE,0000,B_102010,MK,2008-01-01,530.9
KTOE,0000,B_102010,MK,2009-01-01,549.2
KTOE,0000,B_102010,MK,2010-01-01,538.2
KTOE,0000,B_102010,MK,2011-01-01,567.0
KTOE,0000,B_102010,MK,2012-01-01,559.0
KTOE,0000,B_102010,MK,2013-01-01,519.0
KTOE,0000,B_102010,MK,2014-01-01,523.6
KTOE,0000,B_102010,MK,2015-01-01,531.1
KTOE,0000,B_102010,MK,2016-01-01,493.4
KTOE,0000,B_102010,MT,1990-01-01,55.4
KTOE,0000,B_102010,MT,1991-01-01,57.2
KTOE,0000,B_102010,MT,1992-01-01,60.3
KTOE,0000,B_102010,MT,1993-01-01,60.5
KTOE,0000,B_102010,MT,1994-01-01,69.1
KTOE,0000,B_102010,MT,1995-01-01,72.7
KTOE,0000,B_102010,MT,1996-01-01,75.4
KTOE,0000,B_102010,MT,1997-01-01,73.7
KTOE,0000,B_102010,MT,1998-01-01,65.8
KTOE,0000,B_102010,MT,1999-01-01,74.4
KTOE,0000,B_102010,MT,2000-01-01,75.9
KTOE,0000,B_102010,MT,2001-01-01,74.3
KTOE,0000,B_102010,MT,2002-01-01,80.0
KTOE,0000,B_102010,MT,2003-01-01,88.2
KTOE,0000,B_102010,MT,2004-01-01,88.0
KTOE,0000,B_102010,MT,2005-01-01,72.0
KTOE,0000,B_102010,MT,2006-01-01,73.0
KTOE,0000,B_102010,MT,2007-01-01,70.8
KTOE,0000,B_102010,MT,2008-01-01,70.8
KTOE,0000,B_102010,MT,2009-01-01,64.4
KTOE,0000,B_102010,MT,2010-01-01,69.4
KTOE,0000,B_102010,MT,2011-01-01,68.9
KTOE,0000,B_102010,MT,2012-01-01,72.1
KTOE,0000,B_102010,MT,2013-01-01,71.6
KTOE,0000,B_102010,MT,2014-01-01,71.3
KTOE,0000,B_102010,MT,2015-01-01,78.2
KTOE,0000,B_102010,MT,2016-01-01,81.2
KTOE,0000,B_102010,NL,1990-01-01,10403.8
KTOE,0000,B_102010,NL,1991-01-01,11750.9
KTOE,0000,B_102010,NL,1992-01-01,11013.1
KTOE,0000,B_102010,NL,1993-01-01,11533.0
KTOE,0000,B_102010,NL,1994-01-01,10966.5
KTOE,0000,B_102010,NL,1995-01-01,11790.8
KTOE,0000,B_102010,NL,1996-01-01,13494.9
KTOE,0000,B_102010,NL,1997-01-01,11665.3
KTOE,0000,B_102010,NL,1998-01-01,11229.8
KTOE,0000,B_102010,NL,1999-01-01,10807.0
KTOE,0000,B_102010,NL,2000-01-01,10831.7
KTOE,0000,B_102010,NL,2001-01-01,11409.7
KTOE,0000,B_102010,NL,2002-01-01,11136.8
KTOE,0000,B_102010,NL,2003-01-01,11408.9
KTOE,0000,B_102010,NL,2004-01-01,11041.0
KTOE,0000,B_102010,NL,2005-01-01,10743.5
KTOE,0000,B_102010,NL,2006-01-01,10849.8
KTOE,0000,B_102010,NL,2007-01-01,9975.3
KTOE,0000,B_102010,NL,2008-01-01,11016.7
KTOE,0000,B_102010,NL,2009-01-01,11016.6
KTOE,0000,B_102010,NL,2010-01-01,12459.6
KTOE,0000,B_102010,NL,2011-01-01,10251.9
KTOE,0000,B_102010,NL,2012-01-01,10854.7
KTOE,0000,B_102010,NL,2013-01-01,11409.3
KTOE,0000,B_102010,NL,2014-01-01,9121.7
KTOE,0000,B_102010,NL,2015-01-01,9557.3
KTOE,0000,B_102010,NL,2016-01-01,9854.9
KTOE,0000,B_102010,NO,1990-01-01,3604.7
KTOE,0000,B_102010,NO,1991-01-01,3667.2
KTOE,0000,B_102010,NO,1992-01-01,3617.6
KTOE,0000,B_102010,NO,1993-01-01,3673.2
KTOE,0000,B_102010,NO,1994-01-01,3824.0
KTOE,0000,B_102010,NO,1995-01-01,3864.4
KTOE,0000,B_102010,NO,1996-01-01,3963.8
KTOE,0000,B_102010,NO,1997-01-01,3834.4
KTOE,0000,B_102010,NO,1998-01-01,3955.2
KTOE,0000,B_102010,NO,1999-01-01,3933.3
KTOE,0000,B_102010,NO,2000-01-01,3825.3
KTOE,0000,B_102010,NO,2001-01-01,3985.0
KTOE,0000,B_102010,NO,2002-01-01,3979.0
KTOE,0000,B_102010,NO,2003-01-01,3813.1
KTOE,0000,B_102010,NO,2004-01-01,3740.4
KTOE,0000,B_102010,NO,2005-01-01,3875.0
KTOE,0000,B_102010,NO,2006-01-01,3815.0
KTOE,0000,B_102010,NO,2007-01-01,3839.8
KTOE,0000,B_102010,NO,2008-01-01,3836.9
KTOE,0000,B_102010,NO,2009-01-01,3995.4
KTOE,0000,B_102010,NO,2010-01-01,4654.2
KTOE,0000,B_102010,NO,2011-01-01,4169.1
KTOE,0000,B_102010,NO,2012-01-01,4398.4
KTOE,0000,B_102010,NO,2013-01-01,4333.6
KTOE,0000,B_102010,NO,2014-01-01,4042.6
KTOE,0000,B_102010,NO,2015-01-01,4221.6
KTOE,0000,B_102010,NO,2016-01-01,4266.7
KTOE,0000,B_102010,PL,1990-01-01,17841.4
KTOE,0000,B_102010,PL,1991-01-01,20474.0
KTOE,0000,B_102010,PL,1992-01-01,20849.3
KTOE,0000,B_102010,PL,1993-01-01,24421.2
KTOE,0000,B_102010,PL,1994-01-01,23096.0
KTOE,0000,B_102010,PL,1995-01-01,22664.7
KTOE,0000,B_102010,PL,1996-01-01,23027.2
KTOE,0000,B_102010,PL,1997-01-01,21701.4
KTOE,0000,B_102010,PL,1998-01-01,19550.7
KTOE,0000,B_102010,PL,1999-01-01,19424.9
KTOE,0000,B_102010,PL,2000-01-01,17193.5
KTOE,0000,B_102010,PL,2001-01-01,18798.7
KTOE,0000,B_102010,PL,2002-01-01,18679.1
KTOE,0000,B_102010,PL,2003-01-01,18777.1
KTOE,0000,B_102010,PL,2004-01-01,18818.2
KTOE,0000,B_102010,PL,2005-01-01,19454.0
KTOE,0000,B_102010,PL,2006-01-01,20454.3
KTOE,0000,B_102010,PL,2007-01-01,19349.8
KTOE,0000,B_102010,PL,2008-01-01,19651.7
KTOE,0000,B_102010,PL,2009-01-01,19967.0
KTOE,0000,B_102010,PL,2010-01-01,21967.0
KTOE,0000,B_102010,PL,2011-01-01,20085.8
KTOE,0000,B_102010,PL,2012-01-01,20754.8
KTOE,0000,B_102010,PL,2013-01-01,20416.4
KTOE,0000,B_102010,PL,2014-01-01,18939.2
KTOE,0000,B_102010,PL,2015-01-01,18917.2
KTOE,0000,B_102010,PL,2016-01-01,19746.7
KTOE,0000,B_102010,PT,1990-01-01,2285.7
KTOE,0000,B_102010,PT,1991-01-01,2358.7
KTOE,0000,B_102010,PT,1992-01-01,2421.8
KTOE,0000,B_102010,PT,1993-01-01,2488.0
KTOE,0000,B_102010,PT,1994-01-01,2537.7
KTOE,0000,B_102010,PT,1995-01-01,2564.0
KTOE,0000,B_102010,PT,1996-01-01,2664.6
KTOE,0000,B_102010,PT,1997-01-01,2663.5
KTOE,0000,B_102010,PT,1998-01-01,2661.4
KTOE,0000,B_102010,PT,1999-01-01,2777.8
KTOE,0000,B_102010,PT,2000-01-01,2804.2
KTOE,0000,B_102010,PT,2001-01-01,2858.9
KTOE,0000,B_102010,PT,2002-01-01,2987.5
KTOE,0000,B_102010,PT,2003-01-01,3115.5
KTOE,0000,B_102010,PT,2004-01-01,3217.1
KTOE,0000,B_102010,PT,2005-01-01,3224.0
KTOE,0000,B_102010,PT,2006-01-01,3219.5
KTOE,0000,B_102010,PT,2007-01-01,3225.9
KTOE,0000,B_102010,PT,2008-01-01,3117.7
KTOE,0000,B_102010,PT,2009-01-01,3197.7
KTOE,0000,B_102010,PT,2010-01-01,2969.5
KTOE,0000,B_102010,PT,2011-01-01,2776.3
KTOE,0000,B_102010,PT,2012-01-01,2694.9
KTOE,0000,B_102010,PT,2013-01-01,2635.0
KTOE,0000,B_102010,PT,2014-01-01,2565.6
KTOE,0000,B_102010,PT,2015-01-01,2538.6
KTOE,0000,B_102010,PT,2016-01-01,2620.7
KTOE,0000,B_102010,RO,1990-01-01,10566.0
KTOE,0000,B_102010,RO,1991-01-01,7233.5
KTOE,0000,B_102010,RO,1992-01-01,6276.2
KTOE,0000,B_102010,RO,1993-01-01,6603.7
KTOE,0000,B_102010,RO,1994-01-01,6397.3
KTOE,0000,B_102010,RO,1995-01-01,6330.9
KTOE,0000,B_102010,RO,1996-01-01,8105.4
KTOE,0000,B_102010,RO,1997-01-01,9648.5
KTOE,0000,B_102010,RO,1998-01-01,9497.6
KTOE,0000,B_102010,RO,1999-01-01,8740.4
KTOE,0000,B_102010,RO,2000-01-01,8409.0
KTOE,0000,B_102010,RO,2001-01-01,7278.1
KTOE,0000,B_102010,RO,2002-01-01,7217.2
KTOE,0000,B_102010,RO,2003-01-01,7819.2
KTOE,0000,B_102010,RO,2004-01-01,7964.7
KTOE,0000,B_102010,RO,2005-01-01,7990.3
KTOE,0000,B_102010,RO,2006-01-01,7853.6
KTOE,0000,B_102010,RO,2007-01-01,7518.1
KTOE,0000,B_102010,RO,2008-01-01,8070.0
KTOE,0000,B_102010,RO,2009-01-01,8015.2
KTOE,0000,B_102010,RO,2010-01-01,8102.1
KTOE,0000,B_102010,RO,2011-01-01,7859.6
KTOE,0000,B_102010,RO,2012-01-01,8060.6
KTOE,0000,B_102010,RO,2013-01-01,7722.0
KTOE,0000,B_102010,RO,2014-01-01,7409.7
KTOE,0000,B_102010,RO,2015-01-01,7375.2
KTOE,0000,B_102010,RO,2016-01-01,7414.9
KTOE,0000,B_102010,RS,1990-01-01,2933.9
KTOE,0000,B_102010,RS,1991-01-01,2674.3
KTOE,0000,B_102010,RS,1992-01-01,2568.4
KTOE,0000,B_102010,RS,1993-01-01,2836.3
KTOE,0000,B_102010,RS,1994-01-01,2777.6
KTOE,0000,B_102010,RS,1995-01-01,2564.7
KTOE,0000,B_102010,RS,1996-01-01,2909.0
KTOE,0000,B_102010,RS,1997-01-01,2965.6
KTOE,0000,B_102010,RS,1998-01-01,2983.3
KTOE,0000,B_102010,RS,1999-01-01,2728.4
KTOE,0000,B_102010,RS,2000-01-01,3127.4
KTOE,0000,B_102010,RS,2001-01-01,3159.0
KTOE,0000,B_102010,RS,2002-01-01,3209.2
KTOE,0000,B_102010,RS,2003-01-01,3251.9
KTOE,0000,B_102010,RS,2004-01-01,3121.0
KTOE,0000,B_102010,RS,2005-01-01,3113.7
KTOE,0000,B_102010,RS,2006-01-01,2838.2
KTOE,0000,B_102010,RS,2007-01-01,3247.3
KTOE,0000,B_102010,RS,2008-01-01,2911.2
KTOE,0000,B_102010,RS,2009-01-01,3054.3
KTOE,0000,B_102010,RS,2010-01-01,3090.8
KTOE,0000,B_102010,RS,2011-01-01,3146.9
KTOE,0000,B_102010,RS,2012-01-01,3134.5
KTOE,0000,B_102010,RS,2013-01-01,2859.5
KTOE,0000,B_102010,RS,2014-01-01,2760.2
KTOE,0000,B_102010,RS,2015-01-01,2832.1
KTOE,0000,B_102010,RS,2016-01-01,2940.6
KTOE,0000,B_102010,SE,1990-01-01,6551.5
KTOE,0000,B_102010,SE,1991-01-01,7166.6
KTOE,0000,B_102010,SE,1992-01-01,7832.9
KTOE,0000,B_102010,SE,1993-01-01,7934.3
KTOE,0000,B_102010,SE,1994-01-01,8041.6
KTOE,0000,B_102010,SE,1995-01-01,7743.8
KTOE,0000,B_102010,SE,1996-01-01,8197.3
KTOE,0000,B_102010,SE,1997-01-01,7926.7
KTOE,0000,B_102010,SE,1998-01-01,7870.3
KTOE,0000,B_102010,SE,1999-01-01,7447.0
KTOE,0000,B_102010,SE,2000-01-01,7300.0
KTOE,0000,B_102010,SE,2001-01-01,7511.8
KTOE,0000,B_102010,SE,2002-01-01,7336.2
KTOE,0000,B_102010,SE,2003-01-01,7382.7
KTOE,0000,B_102010,SE,2004-01-01,7147.1
KTOE,0000,B_102010,SE,2005-01-01,7305.2
KTOE,0000,B_102010,SE,2006-01-01,7003.7
KTOE,0000,B_102010,SE,2007-01-01,6731.1
KTOE,0000,B_102010,SE,2008-01-01,6638.1
KTOE,0000,B_102010,SE,2009-01-01,6949.9
KTOE,0000,B_102010,SE,2010-01-01,8035.1
KTOE,0000,B_102010,SE,2011-01-01,7465.6
KTOE,0000,B_102010,SE,2012-01-01,7828.4
KTOE,0000,B_102010,SE,2013-01-01,7479.3
KTOE,0000,B_102010,SE,2014-01-01,7018.0
KTOE,0000,B_102010,SE,2015-01-01,7197.2
KTOE,0000,B_102010,SE,2016-01-01,7462.0
KTOE,0000,B_102010,SI,1990-01-01,951.8
KTOE,0000,B_102010,SI,1991-01-01,1132.9
KTOE,0000,B_102010,SI,1992-01-01,1009.9
KTOE,0000,B_102010,SI,1993-01-01,1099.0
KTOE,0000,B_102010,SI,1994-01-01,1091.8
KTOE,0000,B_102010,SI,1995-01-01,1161.8
KTOE,0000,B_102010,SI,1996-01-01,1031.5
KTOE,0000,B_102010,SI,1997-01-01,1067.5
KTOE,0000,B_102010,SI,1998-01-01,1028.1
KTOE,0000,B_102010,SI,1999-01-01,1051.8
KTOE,0000,B_102010,SI,2000-01-01,1127.0
KTOE,0000,B_102010,SI,2001-01-01,1121.0
KTOE,0000,B_102010,SI,2002-01-01,1164.6
KTOE,0000,B_102010,SI,2003-01-01,1252.3
KTOE,0000,B_102010,SI,2004-01-01,1242.3
KTOE,0000,B_102010,SI,2005-01-01,1188.1
KTOE,0000,B_102010,SI,2006-01-01,1158.2
KTOE,0000,B_102010,SI,2007-01-01,1047.8
KTOE,0000,B_102010,SI,2008-01-01,1115.3
KTOE,0000,B_102010,SI,2009-01-01,1285.9
KTOE,0000,B_102010,SI,2010-01-01,1326.3
KTOE,0000,B_102010,SI,2011-01-01,1264.6
KTOE,0000,B_102010,SI,2012-01-01,1219.0
KTOE,0000,B_102010,SI,2013-01-01,1203.4
KTOE,0000,B_102010,SI,2014-01-01,1017.2
KTOE,0000,B_102010,SI,2015-01-01,1110.9
KTOE,0000,B_102010,SI,2016-01-01,1147.6
KTOE,0000,B_102010,SK,1990-01-01,2231.8
KTOE,0000,B_102010,SK,1991-01-01,1878.4
KTOE,0000,B_102010,SK,1992-01-01,1768.0
KTOE,0000,B_102010,SK,1993-01-01,1719.2
KTOE,0000,B_102010,SK,1994-01-01,1771.7
KTOE,0000,B_102010,SK,1995-01-01,1977.1
KTOE,0000,B_102010,SK,1996-01-01,2233.2
KTOE,0000,B_102010,SK,1997-01-01,2362.5
KTOE,0000,B_102010,SK,1998-01-01,2448.3
KTOE,0000,B_102010,SK,1999-01-01,2568.3
KTOE,0000,B_102010,SK,2000-01-01,2586.2
KTOE,0000,B_102010,SK,2001-01-01,3082.4
KTOE,0000,B_102010,SK,2002-01-01,2997.9
KTOE,0000,B_102010,SK,2003-01-01,2839.5
KTOE,0000,B_102010,SK,2004-01-01,2666.5
KTOE,0000,B_102010,SK,2005-01-01,2540.4
KTOE,0000,B_102010,SK,2006-01-01,2310.1
KTOE,0000,B_102010,SK,2007-01-01,2080.6
KTOE,0000,B_102010,SK,2008-01-01,2131.0
KTOE,0000,B_102010,SK,2009-01-01,2147.4
KTOE,0000,B_102010,SK,2010-01-01,2311.8
KTOE,0000,B_102010,SK,2011-01-01,2121.3
KTOE,0000,B_102010,SK,2012-01-01,2070.4
KTOE,0000,B_102010,SK,2013-01-01,2147.6
KTOE,0000,B_102010,SK,2014-01-01,1952.1
KTOE,0000,B_102010,SK,2015-01-01,1987.9
KTOE,0000,B_102010,SK,2016-01-01,2030.4
KTOE,0000,B_102010,TR,1990-01-01,14559.6
KTOE,0000,B_102010,TR,1991-01-01,14873.0
KTOE,0000,B_102010,TR,1992-01-01,15624.7
KTOE,0000,B_102010,TR,1993-01-01,15682.0
KTOE,0000,B_102010,TR,1994-01-01,14870.6
KTOE,0000,B_102010,TR,1995-01-01,16241.1
KTOE,0000,B_102010,TR,1996-01-01,16715.3
KTOE,0000,B_102010,TR,1997-01-01,17414.7
KTOE,0000,B_102010,TR,1998-01-01,17016.4
KTOE,0000,B_102010,TR,1999-01-01,17104.5
KTOE,0000,B_102010,TR,2000-01-01,17341.6
KTOE,0000,B_102010,TR,2001-01-01,16225.7
KTOE,0000,B_102010,TR,2002-01-01,16445.0
KTOE,0000,B_102010,TR,2003-01-01,17230.7
KTOE,0000,B_102010,TR,2004-01-01,17759.6
KTOE,0000,B_102010,TR,2005-01-01,19048.7
KTOE,0000,B_102010,TR,2006-01-01,19406.3
KTOE,0000,B_102010,TR,2007-01-01,20181.5
KTOE,0000,B_102010,TR,2008-01-01,20178.6
KTOE,0000,B_102010,TR,2009-01-01,18825.4
KTOE,0000,B_102010,TR,2010-01-01,19376.3
KTOE,0000,B_102010,TR,2011-01-01,20777.4
KTOE,0000,B_102010,TR,2012-01-01,20181.8
KTOE,0000,B_102010,TR,2013-01-01,19805.6
KTOE,0000,B_102010,TR,2014-01-01,19164.7
KTOE,0000,B_102010,TR,2015-01-01,20140.9
KTOE,0000,B_102010,TR,2016-01-01,20711.0
KTOE,0000,B_102010,UK,1990-01-01,37369.9
KTOE,0000,B_102010,UK,1991-01-01,40854.2
KTOE,0000,B_102010,UK,1992-01-01,40246.0
KTOE,0000,B_102010,UK,1993-01-01,41711.5
KTOE,0000,B_102010,UK,1994-01-01,40331.7
KTOE,0000,B_102010,UK,1995-01-01,39338.4
KTOE,0000,B_102010,UK,1996-01-01,44133.5
KTOE,0000,B_102010,UK,1997-01-01,41120.4
KTOE,0000,B_102010,UK,1998-01-01,42329.9
KTOE,0000,B_102010,UK,1999-01-01,42327.1
KTOE,0000,B_102010,UK,2000-01-01,43034.4
KTOE,0000,B_102010,UK,2001-01-01,44277.7
KTOE,0000,B_102010,UK,2002-01-01,43470.7
KTOE,0000,B_102010,UK,2003-01-01,44673.6
KTOE,0000,B_102010,UK,2004-01-01,45633.5
KTOE,0000,B_102010,UK,2005-01-01,44238.1
KTOE,0000,B_102010,UK,2006-01-01,43118.8
KTOE,0000,B_102010,UK,2007-01-01,41605.0
KTOE,0000,B_102010,UK,2008-01-01,42513.4
KTOE,0000,B_102010,UK,2009-01-01,41323.0
KTOE,0000,B_102010,UK,2010-01-01,45502.5
KTOE,0000,B_102010,UK,2011-01-01,37758.5
KTOE,0000,B_102010,UK,2012-01-01,40920.9
KTOE,0000,B_102010,UK,2013-01-01,41398.7
KTOE,0000,B_102010,UK,2014-01-01,35736.4
KTOE,0000,B_102010,UK,2015-01-01,36931.5
KTOE,0000,B_102010,UK,2016-01-01,38053.9
KTOE,0000,B_102010,XK,1990-01-01,0.0
KTOE,0000,B_102010,XK,1991-01-01,0.0
KTOE,0000,B_102010,XK,1992-01-01,0.0
KTOE,0000,B_102010,XK,1993-01-01,0.0
KTOE,0000,B_102010,XK,1994-01-01,0.0
KTOE,0000,B_102010,XK,1995-01-01,0.0
KTOE,0000,B_102010,XK,1996-01-01,0.0
KTOE,0000,B_102010,XK,1997-01-01,0.0
KTOE,0000,B_102010,XK,1998-01-01,0.0
KTOE,0000,B_102010,XK,1999-01-01,0.0
KTOE,0000,B_102010,XK,2000-01-01,277.1
KTOE,0000,B_102010,XK,2001-01-01,322.7
KTOE,0000,B_102010,XK,2002-01-01,322.2
KTOE,0000,B_102010,XK,2003-01-01,318.9
KTOE,0000,B_102010,XK,2004-01-01,326.8
KTOE,0000,B_102010,XK,2005-01-01,345.0
KTOE,0000,B_102010,XK,2006-01-01,352.6
KTOE,0000,B_102010,XK,2007-01-01,337.9
KTOE,0000,B_102010,XK,2008-01-01,461.4
KTOE,0000,B_102010,XK,2009-01-01,455.7
KTOE,0000,B_102010,XK,2010-01-01,461.9
KTOE,0000,B_102010,XK,2011-01-01,491.2
KTOE,0000,B_102010,XK,2012-01-01,474.3
KTOE,0000,B_102010,XK,2013-01-01,494.2
KTOE,0000,B_102010,XK,2014-01-01,479.9
KTOE,0000,B_102010,XK,2015-01-01,476.4
KTOE,0000,B_102010,XK,2016-01-01,549.4
