currency,bop_item,sector10,sectpart,stk_flow,partner,geo\time	1995Q1 	1995Q2 	1995Q3 	1995Q4 	1996Q1 	1996Q2 	1996Q3 	1996Q4 	1997Q1 	1997Q2 	1997Q3 	1997Q4 	1998Q1 	1998Q2 	1998Q3 	1998Q4 	1999Q1 	1999Q2 	1999Q3 	1999Q4 	2000Q1 	2000Q2 	2000Q3 	2000Q4 	2001Q1 	2001Q2 	2001Q3 	2001Q4 	2002Q1 	2002Q2 	2002Q3 	2002Q4 	2003Q1 	2003Q2 	2003Q3 	2003Q4 	2004Q1 	2004Q2 	2004Q3 	2004Q4 	2005Q1 	2005Q2 	2005Q3 	2005Q4 	2006Q1 	2006Q2 	2006Q3 	2006Q4 	2007Q1 	2007Q2 	2007Q3 	2007Q4 	2008Q1 	2008Q2 	2008Q3 	2008Q4 	2009Q1 	2009Q2 	2009Q3 	2009Q4 	2010Q1 	2010Q2 	2010Q3 	2010Q4 	2011Q1 	2011Q2 	2011Q3 	2011Q4 	2012Q1 	2012Q2 	2012Q3 	2012Q4 	2013Q1 	2013Q2 	2013Q3 	2013Q4 	2014Q1 	2014Q2 	2014Q3 	2014Q4 	2015Q1 	2015Q2 	2015Q3 	2015Q4 	2016Q1 	2016Q2 	2016Q3 	2016Q4 	2017Q1 	2017Q2 	2017Q3 	2017Q4 	2018Q1 	2018Q2 
MIO_NAC,FA,S1,S1,A_LE,WRL_REST,AT	: 	: 	: 	: 	: 	: 	: 	: 	: 	: 	: 	: 	: 	: 	: 	: 	206400.0 	213859.0 	227147.0 	234497.0 	249342.0 	261310.0 	285519.0 	289395.0 	298206.0 	306163.0 	301674.0 	314588.0 	328743.0 	319729.0 	323961.0 	331889.0 	344481.0 	358507.0 	362921.0 	362082.0 	390202.0 	400483.0 	414823.0 	416953.0 	509787.0 	549861.0 	565288.0 	577934.0 	628984.0 	636227.0 	644984.0 	678336.0 	716214.0 	760884.0 	762519.0 	771881.0 	788776.0 	815047.0 	814537.0 	783802.0 	782610.0 	784842.0 	801186.0 	796706.0 	836184.0 	860067.0 	851855.0 	807162.0 	836001.0 	838009.0 	835211.0 	840803.0 	857918.0 	859859.0 	866596.0 	862966.0 	876189.0 	866375.0 	865050.0 	860009.0 	864431.0 	881877.0 	882797.0 	889025.0 	935469.0 	908165.0 	890665.0 	874052.0 	861081.0 	864772.0 	863257.0 	844429.0 	868390.0 	861872.0 	856818.0 	858654.0 	870852.0 	874895.0 
MIO_NAC,FA,S1,S1,A_LE,WRL_REST,BE	: 	: 	: 	: 	: 	: 	: 	: 	: 	: 	: 	: 	: 	: 	: 	: 	: 	: 	: 	: 	: 	: 	: 	: 	: 	: 	: 	: 	: 	: 	: 	: 	: 	: 	: 	: 	: 	: 	: 	: 	1218409.1 	1259397.9 	1295900.5 	1342263.5 	1382114.9 	1347873.5 	1380767.9 	1462020.6 	1550457.4 	1635307.8 	1613910.6 	1689026.7 	1855695.0 	1892532.0 	1970591.0 	1851871.0 	1803403.0 	1786707.0 	1783559.0 	1830714.0 	1839172.0 	1918192.0 	1866990.0 	1910082.0 	1879943.0 	1888207.0 	1971855.0 	1994809.0 	2006133.0 	2030110.0 	2039485.0 	1961867.0 	1980262.0 	1933512.0 	1953616.0 	1833228.0 	1950015.0 	1975871.0 	2004433.0 	2040138.0 	2226475.0 	2129547.0 	2104455.0 	2117229.0 	2186349.0 	2214284.0 	2194150.0 	2233585.0 	2249245.0 	2198748.0 	2182078.0 	2141593.0 	2110535.0 	2119108.0 
MIO_NAC,FA,S1,S1,A_LE,WRL_REST,BG	: 	: 	: 	: 	: 	: 	: 	: 	: 	: 	: 	: 	: 	: 	: 	: 	: 	: 	: 	: 	: 	: 	: 	18949.6 	19499.6 	20073.5 	19136.6 	20564.2 	19895.1 	18246.7 	19329.1 	19226.6 	18160.3 	17933.7 	18643.5 	18792.7 	19721.5 	21662.4 	21870.0 	24667.5 	24081.1 	25777.6 	26079.1 	26527.2 	27443.5 	29317.5 	32242.5 	34805.3 	34401.9 	35600.2 	39736.3 	40152.4 	39396.5 	43523.2 	46176.4 	42840.6 	41884.6 	42277.7 	44145.8 	45755.4 	45291.3 	45562.1 	46989.7 	49127.0 	48626.7 	49977.5 	53020.0 	52391.3 	54176.5 	55157.5 	58150.8 	59248.9 	59559.3 	59233.4 	60797.5 	60631.4 	62630.1 	63206.3 	67883.5 	70684.0 	75707.6 	73723.5 	75150.9 	76013.4 	79973.2 	83657.9 	86496.2 	90676.1 	91808.9 	91861.1 	94893.7 	94223.7 	95328.0 	95933.8 
MIO_NAC,FA,S1,S1,A_LE,WRL_REST,CY	: 	: 	: 	: 	: 	: 	: 	: 	: 	: 	: 	: 	: 	: 	: 	: 	: 	: 	: 	: 	: 	: 	: 	: 	: 	: 	: 	: 	: 	: 	: 	: 	: 	: 	: 	: 	: 	: 	: 	: 	: 	: 	: 	: 	: 	: 	: 	: 	: 	: 	: 	: 	201968.0 	202321.0 	211057.0 	221719.0 	233871.0 	238904.0 	238005.0 	234137.0 	254167.0 	275587.0 	249094.0 	247845.0 	242971.0 	236822.0 	239155.0 	227343.0 	258288.0 	259737.0 	260232.0 	252691.0 	238165.0 	230364.0 	226090.0 	224533.0 	219549.0 	217206.0 	220679.0 	218501.0 	250172.0 	247946.0 	247962.0 	252179.0 	249968.0 	253190.0 	258236.0 	265910.0 	269357.0 	267748.0 	259857.0 	260987.0 	261027.0 	258834.0 
MIO_NAC,FA,S1,S1,A_LE,WRL_REST,CZ	: 	: 	: 	782004.0 	: 	: 	: 	837143.0 	: 	: 	: 	1031411.0 	: 	: 	: 	1087507.0 	: 	: 	: 	1347955.0 	1371020.0 	1398288.0 	1463442.0 	1448401.0 	1494983.0 	1542606.0 	1521157.0 	1544963.0 	1408277.0 	1473200.0 	1525992.0 	1579923.0 	1577621.0 	1554663.0 	1560186.0 	1537285.0 	1709827.0 	1740728.0 	1740681.0 	1702285.0 	1790935.0 	2027818.0 	2040063.0 	2066986.0 	2053831.0 	2062552.0 	2067565.0 	2127082.0 	2157368.0 	2292397.0 	2229843.0 	2349651.0 	2399119.0 	2493977.0 	2552750.0 	2625240.0 	2636144.0 	2528535.0 	2501308.0 	2644240.0 	2663709.0 	2833734.0 	2800717.0 	2837076.0 	2759620.0 	2757862.0 	2836941.0 	2975318.0 	3030235.0 	3101086.0 	3090500.0 	3189343.0 	3321621.0 	3340400.0 	3395120.0 	3736851.0 	3908538.0 	3987139.0 	4084909.0 	4155440.0 	4444034.0 	4439689.0 	4574897.0 	4570358.0 	4800676.0 	4968608.0 	5103358.0 	5324825.0 	6497066.0 	6406194.0 	6432718.0 	6342633.0 	6329757.0 	6507748.0 
MIO_NAC,FA,S1,S1,A_LE,WRL_REST,DE	: 	: 	: 	: 	: 	: 	: 	: 	: 	: 	: 	: 	: 	: 	: 	: 	: 	: 	: 	2506687.0 	: 	: 	: 	2925611.0 	: 	: 	: 	3227559.0 	: 	: 	: 	3191363.0 	: 	: 	: 	3367103.0 	3495613.0 	3498969.0 	3590105.0 	3641455.0 	3851907.0 	4053564.0 	4168414.0 	4251510.0 	4440727.0 	4474300.0 	4609940.0 	4742380.0 	4926487.0 	5106039.0 	5193556.0 	5214550.0 	5259997.0 	5277137.0 	5380043.0 	5099016.0 	5055510.0 	5165809.0 	5194569.0 	5243721.0 	5422066.0 	5652289.0 	5661349.0 	6540517.0 	6366449.0 	6398731.0 	6914889.0 	6849408.0 	7089271.0 	7345683.0 	7405798.0 	7301407.0 	7263574.0 	7076900.0 	7024162.0 	6947828.0 	7052328.0 	7276739.0 	7528058.0 	7662494.0 	8309766.0 	7922307.0 	7936761.0 	7893649.0 	8071392.0 	8324309.0 	8310768.0 	8262642.0 	8449601.0 	8360048.0 	8345823.0 	8356483.0 	8399379.0 	8587705.0 
MIO_NAC,FA,S1,S1,A_LE,WRL_REST,DK	: 	: 	: 	: 	: 	: 	: 	: 	: 	: 	: 	: 	: 	: 	: 	: 	: 	: 	: 	: 	: 	: 	: 	: 	: 	: 	: 	: 	: 	: 	: 	: 	: 	: 	: 	: 	: 	: 	: 	: 	2752470.0 	2939139.0 	3062908.0 	3141326.0 	3189394.0 	3140468.0 	3333452.0 	3382999.0 	3502519.0 	3605993.0 	3698284.0 	3754874.0 	3706256.0 	3834819.0 	3827115.0 	3753477.0 	3863042.0 	3923060.0 	4023160.0 	4016122.0 	4426092.0 	4557836.0 	4682270.0 	4616540.0 	4582027.0 	4543027.0 	4661435.0 	4770564.0 	4956758.0 	5108797.0 	5183954.0 	5132344.0 	5327413.0 	5153406.0 	5200904.0 	5327493.0 	5743590.0 	5869527.0 	6175359.0 	6334943.0 	7113292.0 	6575455.0 	6426160.0 	6408907.0 	6700982.0 	6839108.0 	6926929.0 	6995726.0 	7262914.0 	7066196.0 	7106619.0 	7231230.0 	7108128.0 	7219204.0 
MIO_NAC,FA,S1,S1,A_LE,WRL_REST,EE	: 	: 	: 	: 	953.4 	1009.9 	1043.1 	1110.0 	1335.9 	1469.7 	1681.0 	1929.7 	2015.9 	2070.5 	2007.2 	2048.4 	2342.2 	2381.2 	2402.6 	2499.9 	2568.2 	2783.4 	2908.9 	2960.4 	3239.1 	3541.1 	3552.5 	3612.9 	3959.6 	4051.4 	4047.8 	4188.5 	4622.3 	4623.9 	4893.8 	5251.1 	5596.9 	6060.5 	6358.7 	6943.0 	8286.2 	8297.9 	8991.4 	9781.5 	10801.8 	11162.1 	11689.8 	12796.9 	13867.5 	15327.7 	16371.5 	17216.8 	17487.0 	17572.0 	17589.0 	17171.0 	16563.0 	16123.0 	16227.0 	16722.0 	16752.0 	17070.0 	17274.0 	17780.0 	19720.0 	20557.0 	20218.0 	20157.0 	20917.9 	21680.5 	22499.4 	23305.9 	23043.9 	23616.2 	23647.2 	24463.6 	25600.7 	26321.7 	26902.5 	27553.2 	28232.7 	27907.2 	27508.3 	28395.0 	27924.9 	28759.4 	29132.2 	29542.0 	30270.8 	30624.3 	31444.4 	31872.5 	31367.7 	32394.7 
MIO_NAC,FA,S1,S1,A_LE,WRL_REST,EL	: 	: 	: 	: 	: 	: 	: 	: 	: 	: 	: 	: 	: 	: 	: 	: 	: 	: 	: 	: 	: 	: 	: 	: 	: 	: 	: 	: 	: 	: 	: 	: 	: 	: 	: 	93659.0 	99698.0 	107373.0 	107244.0 	106922.0 	123120.0 	130779.0 	131740.0 	136997.0 	144127.0 	141438.0 	151694.0 	157562.0 	175122.0 	180643.0 	187672.0 	199927.0 	203095.0 	215605.0 	220515.0 	236768.0 	234738.0 	251433.0 	260551.0 	264409.0 	270109.0 	263211.0 	246935.0 	236819.0 	229582.0 	237326.0 	237790.0 	236392.0 	231481.0 	259625.0 	249580.0 	262260.0 	237032.0 	238663.0 	234783.0 	226785.0 	227407.0 	226328.0 	226379.0 	226749.0 	233767.0 	242016.0 	241459.0 	242458.0 	242960.0 	235983.0 	234713.0 	229276.0 	227956.0 	221161.0 	210463.0 	196329.0 	191984.0 	186998.0 
MIO_NAC,FA,S1,S1,A_LE,WRL_REST,ES	177943.0 	178582.0 	187217.0 	196946.0 	200976.0 	203778.0 	211567.0 	225588.0 	233642.0 	243796.0 	259246.0 	271228.0 	294489.0 	300111.0 	311103.0 	313568.0 	354902.0 	390593.0 	397355.0 	438501.0 	463900.0 	480349.0 	538351.0 	570107.0 	590897.0 	611987.0 	594459.0 	620025.0 	651017.0 	650666.0 	651764.0 	666739.0 	686517.0 	696636.0 	728408.0 	757432.0 	789251.0 	822681.0 	822797.0 	860605.0 	900661.0 	957197.0 	988490.0 	1057140.0 	1154995.0 	1153948.0 	1182081.0 	1252319.0 	1302859.0 	1367023.0 	1350539.0 	1352749.0 	1335787.0 	1364646.0 	1376786.0 	1361086.0 	1321522.0 	1322428.0 	1337288.0 	1353922.0 	1377305.0 	1395543.0 	1363044.0 	1345213.0 	1320738.0 	1322561.0 	1358924.0 	1379611.0 	1399194.0 	1435829.0 	1395109.0 	1472702.0 	1481669.0 	1430370.0 	1403204.0 	1379622.0 	1418985.0 	1471534.0 	1526023.0 	1513024.0 	1664862.0 	1643784.0 	1646657.0 	1659454.0 	1668322.0 	1731428.0 	1749239.0 	1761712.0 	1823357.0 	1814973.0 	1830383.0 	1856965.0 	1877622.0 	1915005.0 
MIO_NAC,FA,S1,S1,A_LE,WRL_REST,FI	: 	: 	: 	: 	: 	: 	: 	: 	: 	: 	: 	: 	: 	: 	: 	: 	71587.6 	78955.1 	84596.3 	99080.6 	126753.3 	128681.7 	144978.4 	152696.8 	161010.0 	161728.8 	161460.5 	174286.8 	185859.2 	182380.1 	185550.7 	180570.3 	155232.6 	157424.1 	163044.3 	163848.8 	248903.7 	262544.9 	275730.1 	287415.0 	291747.8 	312771.4 	317504.6 	328509.4 	341820.6 	349277.7 	352022.0 	370361.9 	382268.3 	394637.1 	400626.7 	411434.9 	417326.2 	433625.8 	433859.2 	455430.5 	470186.8 	460507.7 	471183.0 	499460.7 	526896.0 	596242.3 	598606.8 	610875.5 	609702.6 	605419.1 	700241.5 	732044.7 	748092.3 	769575.2 	777478.1 	726328.5 	689526.0 	650676.5 	642897.0 	648899.3 	659458.5 	681035.5 	711091.4 	713411.3 	802723.0 	761228.0 	747553.0 	709745.0 	759725.0 	747457.0 	749972.0 	: c	645911.0 	621293.0 	635958.0 	622756.0 	626899.0 	631655.0 
MIO_NAC,FA,S1,S1,A_LE,WRL_REST,FR	: 	: 	: 	: 	: 	: 	: 	: 	: 	: 	: 	: 	: 	: 	: 	: 	1715031.0 	1881412.0 	1934025.0 	2047665.0 	2122797.0 	2148775.0 	2278832.0 	2363903.0 	2452996.0 	2590118.0 	2590243.0 	2729575.0 	2733626.0 	2686659.0 	2644276.0 	2675350.0 	2697810.0 	2746154.0 	2754830.0 	2828367.0 	2999869.0 	3092588.0 	3122638.0 	3253016.0 	3404638.0 	3594921.0 	3698987.0 	3990659.0 	4201316.0 	4232390.0 	4412756.0 	4595409.0 	4863392.0 	4914196.0 	4938199.0 	5058123.0 	5278844.0 	5043545.0 	5174294.0 	5357662.0 	5434670.0 	5399903.0 	5600695.0 	5522461.0 	5877688.0 	6102135.0 	6255955.0 	5833416.0 	5721326.0 	5810869.0 	6172502.0 	6053057.0 	6023362.0 	6148141.0 	6174124.0 	6116445.0 	6160750.0 	5993318.0 	5961486.0 	5857715.0 	5997454.0 	6176579.0 	6389404.0 	6534758.0 	7179714.0 	6736141.0 	6665312.0 	6512187.0 	6676379.0 	6883181.0 	6885933.0 	6718321.0 	6845442.0 	6749115.0 	6738245.0 	6611860.0 	6749345.0 	6966605.0 
MIO_NAC,FA,S1,S1,A_LE,WRL_REST,HR	: 	: 	: 	: 	: 	: 	: 	: 	: 	: 	: 	: 	: 	: 	: 	: 	: 	: 	: 	: 	: 	: 	: 	67083.0 	70694.0 	69216.0 	78204.0 	92617.0 	88473.0 	83814.0 	87427.0 	91582.0 	96458.0 	95680.0 	105119.0 	108691.0 	104635.0 	108025.0 	112870.0 	115708.0 	107575.0 	110266.0 	114640.0 	118368.0 	114766.0 	116713.0 	120540.0 	132449.0 	141738.0 	149094.0 	149714.0 	157459.0 	150452.0 	150252.0 	151512.0 	163708.0 	149205.0 	153265.0 	166663.0 	178740.0 	173634.0 	176771.0 	188335.0 	175847.0 	175483.0 	174685.0 	180604.0 	177509.0 	168910.0 	175863.0 	182793.0 	177842.0 	176584.0 	179182.0 	186020.0 	188078.0 	182604.0 	193719.0 	215837.0 	214358.0 	231329.0 	230480.0 	239011.0 	234362.0 	221198.0 	221269.0 	233519.0 	231907.0 	240478.0 	219419.0 	242183.0 	243146.0 	238934.0 	244513.0 
MIO_NAC,FA,S1,S1,A_LE,WRL_REST,HU	1366281.6 	1546712.0 	1758044.9 	2337783.3 	2300066.9 	2290579.9 	2484990.1 	2529427.8 	2405699.5 	2557949.9 	2811425.7 	3043975.8 	3413088.4 	3544003.3 	3616883.4 	3777773.0 	3995450.8 	4317253.3 	4543415.4 	5107335.0 	5494413.7 	5365600.1 	5882385.0 	5712328.3 	6130346.0 	6294209.5 	6425476.3 	6513217.9 	6255076.9 	5939624.2 	6138528.3 	6040709.4 	6706311.4 	6878324.4 	7140460.0 	7863953.3 	8448784.9 	8808712.7 	9102130.5 	9663891.7 	10144618.0 	11049740.1 	11449081.7 	12482202.0 	32094985.3 	35035337.1 	35323087.1 	34695506.9 	35916381.6 	41094440.3 	42239256.8 	48231735.8 	47048272.0 	44250822.0 	53833463.0 	61330828.0 	77023918.0 	62671409.0 	62394157.0 	62604448.0 	65981022.0 	73932417.0 	66193935.0 	63817468.0 	61246016.0 	58967954.0 	64954729.0 	73566331.0 	68331699.3 	69440439.1 	67131755.3 	70892526.1 	76339504.8 	72330362.3 	70239616.6 	69197398.3 	71920934.5 	71299785.0 	73992616.7 	75770732.2 	79739668.3 	81097140.4 	79106653.4 	82827353.9 	79562589.2 	82296999.6 	79174609.0 	100610603.4 	100685386.1 	96554080.0 	96466476.3 	89079037.0 	88949484.0 	97674146.5 
MIO_NAC,FA,S1,S1,A_LE,WRL_REST,IE	: 	: 	: 	: 	: 	: 	: 	: 	: 	: 	: 	: 	: 	: 	: 	: 	: 	: 	: 	: 	: 	: 	: 	: 	: 	: 	: 	: 	964229.0 	922555.0 	902409.6 	992735.7 	991625.3 	1047401.0 	1083028.9 	1168261.0 	1269257.2 	1315032.9 	1338684.0 	1406208.1 	1478111.8 	1639306.4 	1732830.1 	1858699.0 	1908740.3 	1951517.5 	2075694.0 	2197991.3 	2318855.1 	2446712.8 	2471902.6 	2485502.8 	2480251.0 	2543022.0 	2512723.0 	2509232.0 	2522580.0 	2593442.0 	2596290.0 	2669125.0 	2788744.0 	2924431.0 	2901277.0 	2896524.0 	2849580.0 	2830725.0 	2877681.0 	2955034.0 	2991450.0 	3066636.0 	3112329.0 	3118883.0 	3261415.0 	3218156.0 	3188579.0 	3290132.0 	3458601.0 	3592529.0 	3847246.0 	4110358.0 	4725558.0 	4658750.0 	4517575.0 	4859517.0 	4829264.0 	4839010.0 	4916535.0 	5095342.0 	5284729.0 	5207091.0 	5164708.0 	5164099.0 	5231691.0 	5465338.0 
MIO_NAC,FA,S1,S1,A_LE,WRL_REST,IT	: 	: 	: 	: 	: 	: 	: 	: 	: 	: 	: 	: 	: 	: 	: 	: c	946150.0 	967693.0 	1018164.0 	1079333.0 	1113431.0 	1151566.0 	1183104.0 	1231091.0 	1251161.0 	1284263.0 	1260502.0 	1244417.0 	1230590.0 	1190694.0 	1195513.0 	1191818.0 	1215424.0 	1254039.0 	1267054.0 	1278846.0 	1319713.0 	1330825.0 	1347538.0 	1394527.0 	1470952.0 	1552114.0 	1594339.0 	1666769.0 	1753429.0 	1787066.0 	1796738.0 	1849229.0 	1871967.0 	1931209.0 	1918230.0 	1953630.0 	1920071.0 	1950558.0 	1915490.0 	1822222.0 	1901268.0 	1921701.0 	1973672.0 	1935654.0 	1993563.0 	2004664.0 	2020917.0 	1995379.0 	1984408.0 	1989638.0 	2032991.0 	2057454.0 	2098825.0 	2136903.0 	2164479.0 	2135603.0 	2134077.0 	2090815.0 	2119565.0 	2103734.0 	2130017.0 	2192890.0 	2257088.0 	2314767.0 	2501371.0 	2479813.0 	2435692.0 	2423827.0 	2464694.0 	2522703.0 	2553562.0 	2552175.0 	2634461.0 	2635178.0 	2667235.0 	2696927.0 	2714021.0 	2750824.0 
MIO_NAC,FA,S1,S1,A_LE,WRL_REST,LT	: 	: 	: 	: 	: 	: 	: 	: 	: 	: 	: 	: 	: 	: 	: 	: 	: 	: 	: 	: 	: 	: 	: 	: 	: 	: 	: 	: 	: 	: 	: 	: 	: 	: 	: 	: 	5126.6 	5105.6 	5373.2 	5593.6 	6154.4 	6630.9 	7235.8 	7998.2 	8294.6 	8768.1 	9024.0 	10780.8 	10912.9 	11475.7 	12573.3 	14106.6 	13659.9 	13713.0 	13812.4 	13802.6 	13806.9 	14171.2 	14701.9 	15366.1 	15936.1 	15994.4 	16493.1 	16914.2 	17086.5 	17563.8 	17830.3 	17850.7 	18364.3 	17300.5 	18046.9 	17952.5 	18229.6 	17742.0 	18080.4 	18373.2 	19076.6 	19058.5 	19290.6 	20178.6 	23196.6 	22722.6 	23326.4 	24012.9 	24865.3 	25882.4 	27429.6 	29510.8 	29959.7 	30574.3 	31893.7 	34309.7 	34492.3 	35150.2 
MIO_NAC,FA,S1,S1,A_LE,WRL_REST,LU	: 	: 	: 	: 	: 	: 	: 	: 	: 	: 	: 	: 	: 	: 	: 	: 	: 	: 	: 	: 	: 	: 	: 	: 	: 	: 	: 	: 	: 	: 	: 	1947550.0 	1948150.0 	1949744.0 	1948553.0 	2225334.0 	2345211.0 	2375110.0 	2408843.0 	2512745.0 	2632939.0 	2824112.0 	3003358.0 	3205346.0 	3419882.0 	3420583.0 	3579468.0 	3733788.0 	3874295.0 	4048676.0 	4124351.0 	4219650.0 	4074157.0 	4104500.0 	4124244.0 	3894906.0 	3824291.0 	3915406.0 	4053199.0 	4226662.0 	4415332.0 	4590080.0 	4610681.0 	4785774.0 	4796637.0 	4849913.0 	4850215.0 	5365117.0 	5658179.0 	5912381.0 	6074080.0 	6488266.0 	6781292.0 	6903114.0 	6909863.0 	7112493.0 	7322853.0 	7486586.0 	7792728.0 	8906589.0 	10084966.0 	9980501.0 	10076860.0 	10436894.0 	10252658.0 	10504548.0 	10626770.0 	10873274.0 	11075261.0 	11003788.0 	10723275.0 	10716994.0 	10553633.0 	10824676.0 
MIO_NAC,FA,S1,S1,A_LE,WRL_REST,LV	: 	: 	: 	: 	: 	: 	: 	: 	: 	: 	: 	: 	: 	: 	: 	: 	: 	: 	: 	: 	3003.0 	3154.0 	3292.0 	3395.0 	3266.0 	3626.0 	3554.0 	3903.0 	4072.0 	4089.0 	4195.0 	4434.0 	4408.0 	4742.0 	5136.0 	5281.0 	5609.0 	5951.0 	6798.0 	7025.0 	7373.0 	7746.0 	8221.0 	8655.0 	9122.0 	10226.0 	11165.0 	11776.0 	13377.0 	14477.0 	15976.0 	17450.0 	17108.0 	18235.0 	18565.0 	18006.0 	17401.0 	17167.0 	19084.0 	19594.0 	20177.0 	20491.0 	20526.0 	21839.0 	20845.0 	21192.0 	21709.0 	21927.0 	22886.0 	23393.0 	23393.0 	23710.0 	24208.0 	24800.0 	24545.0 	24594.0 	24741.0 	27294.0 	28895.0 	28862.0 	31350.0 	31034.0 	31733.0 	31171.0 	32772.0 	34256.0 	33540.0 	33964.0 	34584.0 	34771.0 	35093.0 	35804.0 	33890.0 	33870.0 
MIO_NAC,FA,S1,S1,A_LE,WRL_REST,MT	: 	: 	: 	: 	: 	: 	: 	: 	: 	: 	: 	: 	: 	: 	: 	: 	: 	: 	: 	: 	: 	: 	: 	: 	: 	: 	: 	: 	: 	: 	: 	: 	: 	: 	: 	: 	25675.8 	28535.7 	31392.3 	34828.5 	40833.7 	47872.1 	56971.0 	63453.2 	69866.2 	77759.2 	83197.3 	88263.7 	99204.6 	111170.0 	120901.1 	130421.7 	134287.2 	141333.9 	149104.9 	148846.3 	150335.5 	150679.2 	152044.5 	154179.4 	165023.7 	169537.9 	170615.3 	173590.0 	176089.6 	185045.9 	189209.3 	192509.4 	195344.9 	201438.8 	203719.5 	204428.6 	206122.6 	207843.6 	211277.2 	208507.8 	211506.1 	214256.3 	217682.6 	222512.7 	227860.5 	223603.7 	220767.7 	223798.9 	221850.1 	224640.9 	223942.1 	226644.3 	230670.9 	232557.0 	236471.5 	239034.9 	238754.1 	241476.6 
MIO_NAC,FA,S1,S1,A_LE,WRL_REST,NL	: 	: 	: 	: 	: 	: 	: 	: 	: 	: 	: 	: 	: 	: 	: 	: 	: 	: 	: 	: 	: 	: 	: 	: 	: 	: 	: 	: 	: 	: 	: 	: 	: 	2927349.0 	2968764.0 	3006043.0 	3105081.0 	3142946.0 	3216120.0 	3307908.0 	3463965.0 	3607923.0 	3721280.0 	3840113.0 	4045150.0 	4176352.0 	4324988.0 	4467209.0 	4651293.0 	4812781.0 	5006504.0 	5131738.0 	5201425.0 	5248601.0 	5283763.0 	5088046.0 	5201657.0 	5104663.0 	5195987.0 	5241581.0 	5419143.0 	5574172.0 	5747302.0 	5664541.0 	5797150.0 	5888314.0 	6106211.0 	6211488.0 	6310268.0 	6435881.0 	6549028.0 	6564801.0 	6680418.0 	6662674.0 	6659957.0 	6710728.0 	6880310.0 	7040317.0 	7248872.0 	7447649.0 	8150132.0 	7965114.0 	8108230.0 	8069258.0 	8326283.0 	8510836.0 	8626542.0 	8530183.0 	8808224.0 	8709097.0 	8688304.0 	8665704.0 	8684175.0 	8718520.0 
MIO_NAC,FA,S1,S1,A_LE,WRL_REST,PL	: 	: 	: 	: 	: 	: 	: 	: 	: 	: 	: 	: 	: 	: 	: 	: 	: 	: 	: 	: 	: 	: 	: 	: 	: 	: 	: 	: 	: 	: 	: 	: 	: 	: 	: 	: 	267597.0 	275905.0 	270571.0 	257557.0 	276302.0 	304044.0 	307770.0 	321574.0 	335035.0 	345159.0 	354738.0 	368903.0 	387011.0 	390055.0 	405186.0 	410386.0 	424143.0 	421036.0 	428518.0 	437839.0 	480575.0 	480596.0 	490036.0 	481920.0 	522933.0 	607538.0 	595561.0 	610992.0 	654140.0 	656343.0 	720010.0 	726627.0 	687312.0 	729763.0 	729769.0 	734363.0 	761680.0 	758345.0 	744920.0 	716271.0 	716473.0 	749966.0 	790217.0 	809342.0 	857120.0 	880909.0 	889551.0 	894774.0 	908646.0 	990693.0 	973211.0 	1029934.0 	999293.0 	957200.0 	965228.0 	951461.0 	985126.0 	1011854.0 
MIO_NAC,FA,S1,S1,A_LE,WRL_REST,PT	: 	: 	: 	: 	65531.0 	65533.0 	68229.0 	69608.0 	79456.0 	82360.0 	88691.0 	99285.0 	106573.6 	106597.8 	115185.5 	119620.0 	116213.0 	120490.0 	124549.0 	129029.0 	140224.0 	143089.0 	146665.0 	161357.0 	172235.0 	178223.0 	176435.0 	185339.0 	190270.0 	191540.0 	194687.0 	191417.0 	193830.0 	206317.0 	215170.0 	218715.0 	235109.0 	238111.0 	238861.0 	236771.0 	243099.0 	253261.0 	263060.0 	267088.0 	279670.0 	282528.0 	283552.0 	292014.0 	296075.0 	309603.0 	313098.0 	315667.0 	310648.0 	318033.0 	316698.0 	303704.0 	309714.0 	313356.0 	324560.0 	332279.0 	352785.0 	357559.0 	355161.0 	348163.0 	344115.0 	337889.0 	338572.0 	326380.0 	331223.0 	328847.0 	325619.0 	327219.0 	330084.0 	323441.0 	312445.0 	314802.0 	323717.0 	333975.0 	336951.0 	329858.0 	340889.0 	333648.0 	323124.0 	327803.0 	323625.0 	330013.0 	335012.0 	334901.0 	343993.0 	341999.0 	342680.0 	343340.0 	339486.0 	340726.0 
MIO_NAC,FA,S1,S1,A_LE,WRL_REST,RO	: 	: 	: 	: 	: 	: 	: 	: 	: 	: 	: 	: 	: 	: 	: 	: 	: 	: 	: 	: 	: 	: 	: 	: 	: 	: 	: 	: 	: 	: 	: 	: 	: 	: 	: 	: 	: 	: 	: 	: 	74110.0 	80593.0 	87897.0 	96038.0 	97018.0 	98039.0 	101235.0 	109929.0 	110135.0 	108419.0 	123419.0 	135497.0 	140361.0 	138296.0 	148553.0 	158347.0 	166780.0 	172999.0 	188129.0 	188058.0 	201654.0 	215861.0 	216277.0 	220815.0 	212469.0 	228908.0 	235826.0 	230725.0 	240448.0 	238459.0 	240466.0 	229818.0 	234701.0 	234437.0 	239288.0 	234185.0 	234961.0 	234098.0 	238144.0 	248605.0 	249487.0 	244823.0 	240736.0 	246317.0 	247673.0 	258469.0 	269717.0 	283061.0 	285377.0 	292174.0 	292200.0 	304487.0 	318698.0 	311269.0 
MIO_NAC,FA,S1,S1,A_LE,WRL_REST,SE	: 	: 	: 	: 	: 	: 	: 	: 	: 	: 	: 	: 	: 	: 	: 	2595992.0 	2695713.0 	2978813.0 	3047894.0 	3289453.0 	3134627.0 	3550024.0 	3667156.0 	3967282.0 	3946235.0 	4176690.0 	4216315.0 	4367335.0 	4317391.0 	4107330.0 	3869082.0 	4142610.0 	4158112.0 	4336849.0 	4266338.0 	4537897.0 	4753446.0 	4789552.0 	4873425.0 	5149629.0 	5440954.0 	5760049.0 	5970581.0 	6282444.0 	6703028.0 	6506147.0 	6914352.0 	7105214.0 	7547416.0 	7651844.0 	7964600.0 	8407395.0 	8124653.0 	8193877.0 	8432179.0 	8900393.0 	8932799.0 	9112691.0 	9095546.0 	9256036.0 	9317660.0 	9458282.0 	9149759.0 	9532686.0 	9656975.0 	9648309.0 	10000290.0 	9895402.0 	10210026.0 	10291387.0 	10377805.0 	9917728.0 	10304206.0 	10500313.0 	10694450.0 	10638819.0 	11071968.0 	11603812.0 	11797546.0 	12125456.0 	13015100.0 	12626020.0 	12504605.0 	12170815.0 	12407424.0 	12626639.0 	13009537.0 	12876218.0 	14256017.0 	13961784.0 	13972621.0 	10299374.0 	14843977.0 	15501730.0 
MIO_NAC,FA,S1,S1,A_LE,WRL_REST,SI	: 	: 	: 	5623.9 	: 	: 	: 	6097.7 	: 	: 	: 	7359.3 	: 	: 	: 	7455.9 	: 	: 	: 	8109.2 	: 	: 	: 	9242.3 	7537.0 	8214.0 	10535.0 	12621.0 	13140.0 	13378.0 	14169.0 	15124.0 	15518.0 	16082.0 	16439.0 	16419.0 	17229.0 	17762.0 	18226.0 	18366.0 	19661.0 	20748.0 	22239.0 	23332.0 	24370.0 	25307.0 	25607.0 	25813.0 	30284.0 	32020.0 	33369.0 	34939.0 	35818.0 	37177.0 	36270.0 	33841.0 	32140.0 	32268.0 	34692.0 	34274.0 	34836.0 	35172.0 	34596.0 	33671.0 	35401.0 	34994.0 	34833.0 	33589.0 	34726.5 	34345.3 	33918.8 	33547.2 	34307.8 	34325.9 	34216.7 	33371.4 	35441.1 	37629.4 	38278.2 	39558.3 	42349.6 	40906.1 	42095.7 	42264.5 	42921.9 	42868.4 	42294.0 	42657.0 	43418.4 	43643.2 	43147.5 	43466.2 	43738.4 	44277.0 
MIO_NAC,FA,S1,S1,A_LE,WRL_REST,SK	: 	: 	: 	: 	: 	: 	: 	: 	: 	: 	: 	: 	: 	: 	: 	: 	: 	: 	: 	: 	: 	: 	: 	: 	: 	: 	: 	: 	: 	: 	: 	: 	: 	: 	: 	: 	23523.7 	24134.6 	25019.4 	25032.3 	30196.5 	28942.8 	30155.6 	29625.3 	30197.2 	31470.1 	28038.4 	25813.3 	28737.2 	30073.3 	30282.0 	31130.4 	31375.5 	31422.3 	31508.6 	30992.0 	37591.0 	39927.0 	41690.0 	39744.0 	42008.0 	43180.0 	43110.0 	43419.0 	45259.3 	45249.1 	45359.8 	45223.4 	47309.0 	47043.9 	44293.8 	45610.6 	50104.1 	52268.4 	52571.3 	50963.5 	56121.8 	54559.6 	58325.9 	55187.8 	56445.6 	55274.1 	53690.6 	53247.7 	54977.4 	58478.3 	60848.4 	61711.3 	65973.0 	66660.0 	68406.6 	80423.8 	81857.8 	84816.7 
MIO_NAC,FA,S1,S1,A_LE,WRL_REST,UK	: 	: 	: 	: 	: 	: 	: 	: 	: c	: c	: c	: c	: c	: c	: c	: c	2411210.0 	2552447.0 	2517322.0 	2570649.0 	2796118.0 	3012605.0 	3085437.0 	3162755.0 	3410951.0 	3388608.0 	3312882.0 	3321341.0 	3358454.0 	3343414.0 	3270311.0 	3340564.0 	3558713.0 	3673004.0 	3753067.0 	3757669.0 	4566867.0 	4493025.0 	4708284.0 	4967217.0 	5146246.0 	5543722.0 	5742563.0 	6005768.0 	6359459.0 	6369629.0 	6568862.0 	6567825.0 	6943402.0 	7312274.0 	7731385.0 	8246504.0 	9265524.0 	8858286.0 	9175419.0 	11517436.0 	11028032.0 	9130806.0 	9435237.0 	8887772.0 	10023387.0 	10258546.0 	11280018.0 	10191548.0 	10028476.0 	10133579.0 	11444370.0 	11058171.0 	10765311.0 	10897377.0 	10686992.0 	10441578.0 	10765733.0 	10555981.0 	9869077.0 	9639975.0 	9514245.0 	9401654.0 	9833796.0 	10213710.0 	10703659.0 	9574117.0 	9863692.0 	9620476.0 	10338245.0 	11261918.0 	11107886.0 	10966485.0 	10726955.0 	10623297.0 	10577439.0 	10731333.0 	10651667.0 	10821031.0 
MIO_NAC,FA,S1,S1,L_LE,WRL_REST,AT	: 	: 	: 	: 	: 	: 	: 	: 	: 	: 	: 	: 	: 	: 	: 	: 	233746.0 	238183.0 	250260.0 	268587.0 	285087.0 	297826.0 	318134.0 	323993.0 	331736.0 	341894.0 	346340.0 	360598.0 	367863.0 	369148.0 	379662.0 	378483.0 	389415.0 	396788.0 	399245.0 	391645.0 	418132.0 	429365.0 	443863.0 	448574.0 	537065.0 	576554.0 	590300.0 	617221.0 	655847.0 	668405.0 	680710.0 	712830.0 	744977.0 	785001.0 	785836.0 	799487.0 	813640.0 	834703.0 	828076.0 	813166.0 	800327.0 	800260.0 	815306.0 	811202.0 	843719.0 	870050.0 	862541.0 	822450.0 	839591.0 	850160.0 	857224.0 	846739.0 	860953.0 	865035.0 	868864.0 	873120.0 	873739.0 	861841.0 	860581.0 	855820.0 	863196.0 	878925.0 	870246.0 	877741.0 	920128.0 	892764.0 	878739.0 	866442.0 	858697.0 	863509.0 	860275.0 	831396.0 	852519.0 	850935.0 	843076.0 	844863.0 	855746.0 	855914.0 
MIO_NAC,FA,S1,S1,L_LE,WRL_REST,BE	: 	: 	: 	: 	: 	: 	: 	: 	: 	: 	: 	: 	: 	: 	: 	: 	: 	: 	: 	: 	: 	: 	: 	: 	: 	: 	: 	: 	: 	: 	: 	: 	: 	: 	: 	: 	: 	: 	: 	: 	1123250.2 	1151100.4 	1190420.7 	1222569.3 	1265243.3 	1239117.5 	1271215.4 	1349798.7 	1439095.7 	1506226.7 	1491267.8 	1573155.5 	1663598.0 	1698086.0 	1781146.0 	1668344.0 	1622533.0 	1598188.0 	1594642.0 	1630162.0 	1625051.0 	1689212.0 	1648649.0 	1672061.0 	1644010.0 	1649860.0 	1739433.0 	1763940.0 	1773587.0 	1788955.0 	1800105.0 	1761313.0 	1782665.0 	1736441.0 	1760852.0 	1629428.0 	1785357.0 	1819791.0 	1853781.0 	1859576.0 	2029854.0 	1940799.0 	1926394.0 	1928718.0 	2003558.0 	2039298.0 	2007273.0 	1991430.0 	1997874.0 	1968446.0 	1959268.0 	1911534.0 	1891767.0 	1886969.0 
MIO_NAC,FA,S1,S1,L_LE,WRL_REST,BG	: 	: 	: 	: 	: 	: 	: 	: 	: 	: 	: 	: 	: 	: 	: 	: 	: 	: 	: 	: 	: 	: 	: 	28140.4 	29176.9 	30037.7 	28063.0 	28776.4 	29760.8 	27564.5 	28031.0 	27632.1 	27586.4 	27536.6 	28064.4 	28214.0 	30430.5 	32567.6 	33547.9 	36675.5 	38169.1 	40208.2 	42275.9 	46612.1 	50251.9 	54474.8 	59380.3 	64850.3 	65329.1 	71165.1 	81592.0 	89013.6 	90332.7 	99603.5 	106899.6 	111157.1 	112579.9 	113936.9 	115657.3 	116740.1 	116151.0 	116712.4 	115951.6 	117878.4 	118930.3 	118912.9 	119593.4 	119228.2 	120780.4 	122086.2 	123039.1 	123147.5 	123110.8 	123456.3 	123046.5 	120876.2 	124993.9 	125490.7 	128586.1 	131228.7 	133502.2 	131861.3 	131629.2 	131836.1 	133617.7 	135644.7 	135601.6 	136957.6 	137278.8 	137290.3 	136064.5 	136469.4 	138606.7 	136733.6 
MIO_NAC,FA,S1,S1,L_LE,WRL_REST,CY	: 	: 	: 	: 	: 	: 	: 	: 	: 	: 	: 	: 	: 	: 	: 	: 	: 	: 	: 	: 	: 	: 	: 	: 	: 	: 	: 	: 	: 	: 	: 	: 	: 	: 	: 	: 	: 	: 	: 	: 	: 	: 	: 	: 	: 	: 	: 	: 	: 	: 	: 	: 	215980.0 	217367.0 	225978.0 	236760.0 	248970.0 	256869.0 	256484.0 	252871.0 	271275.0 	294946.0 	270468.0 	269302.0 	266962.0 	260237.0 	262475.0 	252970.0 	282390.0 	283269.0 	284350.0 	277846.0 	267543.0 	258044.0 	251776.0 	249700.0 	244417.0 	241388.0 	245327.0 	244386.0 	275888.0 	273404.0 	273229.0 	277913.0 	274313.0 	277295.0 	280959.0 	288656.0 	293028.0 	291405.0 	283317.0 	284772.0 	284032.0 	281417.0 
MIO_NAC,FA,S1,S1,L_LE,WRL_REST,CZ	: 	: 	: 	723102.0 	: 	: 	: 	906073.0 	: 	: 	: 	1138248.0 	: 	: 	: 	1204984.0 	: 	: 	: 	1458893.0 	1518867.0 	1535915.0 	1589571.0 	1640270.0 	1704290.0 	1764449.0 	1748632.0 	1789031.0 	1793895.0 	1833183.0 	1906154.0 	1977178.0 	1939842.0 	1947596.0 	1997048.0 	2064768.0 	2148274.0 	2264148.0 	2323061.0 	2436343.0 	2520576.0 	2737208.0 	2819022.0 	2820796.0 	2860880.0 	2928606.0 	2972736.0 	3115637.0 	3241879.0 	3472849.0 	3554493.0 	3747821.0 	3797960.0 	3974025.0 	4054991.0 	4159093.0 	4158673.0 	4178574.0 	4216469.0 	4369765.0 	4381102.0 	4548391.0 	4605512.0 	4659844.0 	4601491.0 	4664161.0 	4716309.0 	4798070.0 	4920829.0 	4977087.0 	4995045.0 	5053436.0 	5111308.0 	5168282.0 	5156909.0 	5432000.0 	5487876.0 	5629483.0 	5715720.0 	5732519.0 	5828018.0 	5824398.0 	6038856.0 	6083294.0 	6182589.0 	6318881.0 	6452695.0 	6607922.0 	7520503.0 	7599477.0 	7682430.0 	7679642.0 	7638797.0 	7769081.0 
MIO_NAC,FA,S1,S1,L_LE,WRL_REST,DE	: 	: 	: 	: 	: 	: 	: 	: 	: 	: 	: 	: 	: 	: 	: 	: 	: 	: 	: 	2442955.0 	: 	: 	: 	2891620.0 	: 	: 	: 	3085340.0 	: 	: 	: 	3191435.0 	: 	: 	: 	3350405.0 	3465961.0 	3409429.0 	3497603.0 	3539467.0 	3689641.0 	3841639.0 	3923375.0 	3945765.0 	4071205.0 	4031573.0 	4151285.0 	4270663.0 	4421951.0 	4617938.0 	4742021.0 	4743648.0 	4774479.0 	4707523.0 	4816390.0 	4634247.0 	4627906.0 	4629992.0 	4674511.0 	4629413.0 	4788333.0 	4986564.0 	5056055.0 	5878804.0 	5668880.0 	5720860.0 	6317921.0 	6222313.0 	6424787.0 	6639729.0 	6661458.0 	6514177.0 	6430646.0 	6230760.0 	6108368.0 	5973089.0 	6036726.0 	6185918.0 	6353544.0 	6468750.0 	7083143.0 	6554769.0 	6525913.0 	6479819.0 	6646871.0 	6806708.0 	6771573.0 	6660131.0 	6788484.0 	6655618.0 	6631930.0 	6585083.0 	6564684.0 	6642187.0 
MIO_NAC,FA,S1,S1,L_LE,WRL_REST,DK	: 	: 	: 	: 	: 	: 	: 	: 	: 	: 	: 	: 	: 	: 	: 	: 	: 	: 	: 	: 	: 	: 	: 	: 	: 	: 	: 	: 	: 	: 	: 	: 	: 	: 	: 	: 	: 	: 	: 	: 	2821800.0 	2944946.0 	3034824.0 	3081370.0 	3160423.0 	3169089.0 	3309827.0 	3387831.0 	3583633.0 	3676962.0 	3775395.0 	3855280.0 	3866648.0 	3979728.0 	3932212.0 	3845402.0 	3953482.0 	3984696.0 	4023792.0 	4001475.0 	4300871.0 	4409648.0 	4456138.0 	4384284.0 	4329569.0 	4223766.0 	4210247.0 	4258041.0 	4413771.0 	4504096.0 	4509130.0 	4448105.0 	4570880.0 	4402809.0 	4456504.0 	4608807.0 	5127479.0 	5195138.0 	5399603.0 	5476482.0 	6279153.0 	5792630.0 	5701415.0 	5709466.0 	5888555.0 	5981284.0 	5930992.0 	5854259.0 	6046926.0 	5958226.0 	5933586.0 	6021284.0 	5816757.0 	5829515.0 
MIO_NAC,FA,S1,S1,L_LE,WRL_REST,EE	: 	: 	: 	: 	1242.6 	1372.8 	1426.1 	1611.6 	2302.7 	2547.0 	3090.1 	3498.3 	3694.0 	3549.3 	3720.9 	3892.2 	4465.7 	4854.3 	4725.1 	5268.8 	5654.1 	5617.4 	5747.9 	5926.8 	6149.2 	6590.0 	6482.1 	6981.5 	7762.4 	7856.9 	7886.4 	8356.2 	9030.1 	9733.5 	10261.5 	10989.4 	12046.2 	13079.9 	13624.7 	15324.3 	18139.9 	18097.7 	18865.4 	19314.8 	20071.4 	20360.0 	21074.0 	22708.2 	24278.9 	26269.8 	27894.2 	28796.0 	29953.0 	30208.0 	30337.0 	29628.0 	29073.0 	28238.0 	27890.0 	28048.0 	28230.0 	28393.0 	28062.0 	28259.0 	30090.0 	30640.0 	29663.0 	29284.0 	30118.3 	31045.7 	31867.0 	32476.0 	33089.3 	33403.0 	33537.9 	33942.4 	35459.2 	36025.4 	36372.1 	36978.7 	37339.2 	36696.0 	36189.3 	36695.3 	36595.9 	37361.8 	37679.1 	37972.4 	38581.6 	38694.1 	39406.7 	39289.4 	38821.7 	39596.8 
MIO_NAC,FA,S1,S1,L_LE,WRL_REST,EL	: 	: 	: 	: 	: 	: 	: 	: 	: 	: 	: 	: 	: 	: 	: 	: 	: 	: 	: 	: 	: 	: 	: 	: 	: 	: 	: 	: 	: 	: 	: 	: 	: 	: 	: 	200280.0 	214797.0 	225652.0 	227660.0 	236601.0 	252237.0 	269204.0 	283115.0 	287672.0 	307827.0 	307948.0 	324971.0 	337594.0 	361168.0 	375237.0 	399704.0 	417945.0 	406706.0 	417558.0 	419712.0 	420090.0 	425189.0 	456901.0 	481844.0 	472201.0 	479277.0 	484014.0 	482064.0 	460512.0 	464520.0 	460135.0 	455321.0 	420254.0 	440051.0 	470271.0 	465279.0 	483829.0 	458977.0 	461144.0 	461181.0 	462391.0 	467102.0 	470358.0 	462902.0 	462483.0 	470068.0 	479878.0 	476249.0 	482471.0 	483126.0 	474984.0 	472885.0 	472546.0 	472759.0 	473208.0 	456025.0 	449560.0 	444859.0 	441611.0 
MIO_NAC,FA,S1,S1,L_LE,WRL_REST,ES	271542.0 	275586.0 	284038.0 	295592.0 	305752.0 	315972.0 	322305.0 	343313.0 	358582.0 	384943.0 	406385.0 	415437.0 	473684.0 	486327.0 	484394.0 	513218.0 	551107.0 	582701.0 	587312.0 	644901.0 	694451.0 	701675.0 	772950.0 	794923.0 	837932.0 	861321.0 	845194.0 	887111.0 	930953.0 	935018.0 	934056.0 	1001399.0 	1030645.0 	1073293.0 	1098522.0 	1144720.0 	1194564.0 	1240279.0 	1254280.0 	1339992.0 	1396249.0 	1470936.0 	1535591.0 	1605485.0 	1720674.0 	1735745.0 	1811220.0 	1936348.0 	2043967.0 	2135871.0 	2160563.0 	2212632.0 	2225636.0 	2265181.0 	2275235.0 	2256771.0 	2240556.0 	2286937.0 	2335003.0 	2363148.0 	2374491.0 	2340279.0 	2359974.0 	2302551.0 	2317028.0 	2322723.0 	2355087.0 	2363753.0 	2370985.0 	2393288.0 	2367526.0 	2407237.0 	2412201.0 	2359131.0 	2356800.0 	2356332.0 	2423387.0 	2496633.0 	2540810.0 	2529585.0 	2694110.0 	2635828.0 	2633745.0 	2626741.0 	2652383.0 	2693926.0 	2727776.0 	2716258.0 	2799637.0 	2821293.0 	2827759.0 	2834664.0 	2858954.0 	2892791.0 
MIO_NAC,FA,S1,S1,L_LE,WRL_REST,FI	: 	: 	: 	: 	: 	: 	: 	: 	: 	: 	: 	: 	: 	: 	: 	: 	184773.0 	203518.8 	210140.7 	329063.4 	378369.0 	372699.8 	351417.2 	365232.2 	286965.9 	284191.5 	248794.7 	307253.4 	298807.3 	253447.0 	248692.0 	252623.1 	243157.1 	261015.5 	253158.0 	258700.5 	293064.7 	285028.6 	291435.1 	302203.1 	306226.2 	338360.1 	337240.2 	351601.3 	383192.4 	378120.1 	376842.3 	394944.5 	412982.7 	438535.2 	457722.6 	463440.6 	442666.9 	444340.6 	431430.7 	464340.5 	475258.4 	472125.7 	473072.8 	493737.2 	516666.6 	570675.5 	572905.1 	579915.7 	576824.9 	572375.9 	664928.5 	702320.4 	734286.7 	747502.3 	753209.9 	702922.3 	666923.5 	630502.6 	630441.1 	641065.8 	654030.0 	677378.3 	709803.3 	719945.8 	802875.0 	752739.0 	742060.0 	706493.0 	748518.0 	739417.0 	744980.0 	688969.0 	638793.0 	619573.0 	638145.0 	617429.0 	632749.0 	640648.0 
MIO_NAC,FA,S1,S1,L_LE,WRL_REST,FR	: 	: 	: 	: 	: 	: 	: 	: 	: 	: 	: 	: 	: 	: 	: 	: 	1652659.0 	1800315.0 	1838072.0 	2035158.0 	2117902.0 	2160546.0 	2243570.0 	2331978.0 	2384906.0 	2499761.0 	2425684.0 	2606019.0 	2658130.0 	2595398.0 	2487563.0 	2568175.0 	2579191.0 	2650586.0 	2714915.0 	2878199.0 	3061574.0 	3166288.0 	3183652.0 	3311626.0 	3460405.0 	3650398.0 	3766640.0 	4026380.0 	4269527.0 	4349747.0 	4546486.0 	4684639.0 	4957592.0 	5110554.0 	5145913.0 	5230677.0 	5413612.0 	5190476.0 	5382405.0 	5632877.0 	5697127.0 	5656192.0 	5868952.0 	5809750.0 	6166617.0 	6366119.0 	6484631.0 	6018660.0 	5920923.0 	6048126.0 	6372422.0 	6231472.0 	6261452.0 	6375313.0 	6417460.0 	6384208.0 	6422140.0 	6320302.0 	6332979.0 	6208202.0 	6384828.0 	6571995.0 	6755086.0 	6870456.0 	7573642.0 	7064401.0 	7016845.0 	6796378.0 	7022960.0 	7202262.0 	7235572.0 	7050506.0 	7231664.0 	7166373.0 	7186576.0 	7073340.0 	7214488.0 	7410949.0 
MIO_NAC,FA,S1,S1,L_LE,WRL_REST,HR	: 	: 	: 	: 	: 	: 	: 	: 	: 	: 	: 	: 	: 	: 	: 	: 	: 	: 	: 	: 	: 	: 	: 	111524.5 	120424.0 	122227.0 	123410.0 	125974.0 	136351.0 	133626.0 	137611.0 	147234.0 	158553.0 	164925.0 	173036.0 	191861.0 	194502.0 	205908.0 	218580.0 	234263.0 	242615.0 	247759.0 	256597.0 	269629.0 	287243.0 	305111.0 	322268.0 	349138.0 	406265.0 	426846.0 	427889.0 	444651.0 	423837.0 	416396.0 	407975.0 	420356.0 	422670.0 	432784.0 	454811.0 	466412.0 	467298.0 	465712.0 	470222.0 	485114.0 	499686.0 	498073.0 	490414.0 	482516.0 	483227.0 	487466.0 	479862.0 	477738.0 	484951.0 	479490.0 	477629.0 	481197.0 	481461.0 	493346.0 	503198.0 	497142.0 	520027.0 	516961.0 	500388.0 	493723.0 	478647.0 	474769.0 	479949.0 	477567.0 	492181.0 	464055.0 	467083.0 	471414.0 	470748.0 	467781.0 
MIO_NAC,FA,S1,S1,L_LE,WRL_REST,HU	4667522.4 	5057277.6 	5252218.6 	5866144.4 	5993961.3 	6098069.6 	6363890.9 	6683888.9 	6898246.7 	7311348.9 	7780922.4 	8747341.5 	9416477.6 	9782048.1 	9883045.5 	10478277.0 	11040138.0 	11828736.2 	12322526.6 	13634411.9 	14981810.7 	14579870.6 	15066534.6 	15134884.2 	15438944.8 	15532968.6 	15512452.5 	16447049.7 	16582816.8 	16388923.8 	16710437.4 	17108651.7 	18251817.5 	19198513.6 	20013744.0 	22370734.1 	23844001.2 	24912768.6 	25770857.7 	27204407.6 	28678471.1 	30202512.3 	31968768.3 	33142854.0 	54289665.7 	57137976.4 	57808318.5 	57660589.8 	58366004.7 	64331145.0 	65203099.4 	70849980.0 	74476682.0 	70866230.0 	80011368.0 	88997890.0 	105419173.0 	90010335.0 	91176261.0 	92990629.0 	96660783.0 	104241349.0 	96462651.0 	93289777.0 	90106715.0 	87111048.0 	93257417.0 	103492871.0 	97808742.0 	98179314.5 	95343977.2 	97845813.1 	102958698.2 	98877113.5 	95986479.5 	94342912.9 	97639503.4 	97481641.3 	99828747.7 	101929798.4 	106524478.6 	107706930.2 	105821071.9 	106049999.1 	102427126.1 	103603660.2 	100758870.0 	121347482.3 	120847274.0 	116100559.4 	116795090.7 	109384401.7 	108745114.2 	116422812.8 
MIO_NAC,FA,S1,S1,L_LE,WRL_REST,IE	: 	: 	: 	: 	: 	: 	: 	: 	: 	: 	: 	: 	: 	: 	: 	: 	: 	: 	: 	: 	: 	: 	: 	: 	: 	: 	: 	: 	959371.9 	929881.9 	929577.9 	1021224.7 	1036254.4 	1079616.3 	1117587.2 	1202501.9 	1305863.6 	1358912.8 	1379025.2 	1440972.5 	1549150.6 	1706511.0 	1808079.0 	1937385.1 	2004948.8 	2033063.5 	2129978.5 	2245646.8 	2372722.4 	2500792.5 	2529847.2 	2547394.8 	2595995.0 	2646557.0 	2633608.0 	2688945.0 	2726900.0 	2789032.0 	2808180.0 	2867353.0 	2966570.0 	3108969.0 	3096964.0 	3088521.0 	3078610.0 	3037208.0 	3106498.0 	3194326.0 	3246999.0 	3318669.0 	3357649.0 	3360125.0 	3515607.0 	3476170.0 	3468462.0 	3529890.0 	3738026.0 	3895352.0 	4158232.0 	4431225.0 	5244515.0 	5151740.0 	5019168.0 	5381017.0 	5306976.0 	5310812.0 	5387189.0 	5561729.0 	5754471.0 	5681565.0 	5626115.0 	5603323.0 	5666534.0 	5902203.0 
MIO_NAC,FA,S1,S1,L_LE,WRL_REST,IT	: 	: 	: 	: 	: 	: 	: 	: 	: 	: 	: 	: 	: 	: 	: 	: c	983635.0 	1035778.0 	1072427.0 	1133348.0 	1168894.0 	1208042.0 	1247467.0 	1310230.0 	1342682.0 	1364879.0 	1344000.0 	1308499.0 	1291115.0 	1303732.0 	1309068.0 	1341308.0 	1398427.0 	1446528.0 	1443435.0 	1445982.0 	1484448.0 	1491894.0 	1528523.0 	1612583.0 	1732018.0 	1811220.0 	1851875.0 	1896847.0 	2003041.0 	2022342.0 	2085475.0 	2160312.0 	2209316.0 	2296500.0 	2304877.0 	2294403.0 	2285829.0 	2313599.0 	2241103.0 	2175707.0 	2254097.0 	2284148.0 	2336897.0 	2286516.0 	2334952.0 	2319134.0 	2381305.0 	2319134.0 	2340811.0 	2344442.0 	2345860.0 	2356454.0 	2439450.0 	2443083.0 	2477133.0 	2493823.0 	2477113.0 	2462345.0 	2486405.0 	2467240.0 	2527168.0 	2582647.0 	2643185.0 	2655785.0 	2855116.0 	2768531.0 	2779256.0 	2746685.0 	2783075.0 	2762850.0 	2761179.0 	2719324.0 	2777155.0 	2770618.0 	2791429.0 	2788600.0 	2838342.0 	2809901.0 
MIO_NAC,FA,S1,S1,L_LE,WRL_REST,LT	: 	: 	: 	: 	: 	: 	: 	: 	: 	: 	: 	: 	: 	: 	: 	: 	: 	: 	: 	: 	: 	: 	: 	: 	: 	: 	: 	: 	: 	: 	: 	: 	: 	: 	: 	: 	10854.5 	11295.7 	11641.3 	12062.8 	13588.7 	14617.1 	16530.5 	16863.4 	18044.8 	18553.8 	19700.0 	22285.5 	23824.4 	25611.6 	27520.8 	29865.8 	30777.0 	31811.0 	32052.9 	30780.1 	30341.0 	30842.7 	31647.5 	31185.0 	32392.8 	32027.4 	32722.0 	32662.3 	32846.3 	33703.2 	33671.7 	34336.8 	36167.7 	35067.6 	36176.2 	35830.7 	36526.6 	35533.5 	35217.5 	34821.7 	35514.6 	35572.0 	35838.9 	36670.7 	40871.3 	40003.5 	40362.9 	40267.1 	42353.6 	43615.9 	44915.0 	46116.8 	46657.0 	47042.5 	48133.5 	49437.1 	49859.1 	50138.6 
MIO_NAC,FA,S1,S1,L_LE,WRL_REST,LU	: 	: 	: 	: 	: 	: 	: 	: 	: 	: 	: 	: 	: 	: 	: 	: 	: 	: 	: 	: 	: 	: 	: 	: 	: 	: 	: 	: 	: 	: 	: 	1931413.0 	1935230.0 	1936471.0 	1939370.0 	2206126.0 	2337778.0 	2365520.0 	2405898.0 	2507747.0 	2628785.0 	2818512.0 	2996850.0 	3199442.0 	3410161.0 	3411154.0 	3576375.0 	3726577.0 	3868807.0 	4047820.0 	4127604.0 	4226402.0 	4074118.0 	4092720.0 	4121064.0 	3888686.0 	3833955.0 	3937432.0 	4082977.0 	4237356.0 	4429931.0 	4593093.0 	4620151.0 	4793973.0 	4799389.0 	4869667.0 	4862842.0 	5352639.0 	5625225.0 	5850963.0 	6034308.0 	6465795.0 	6758086.0 	6882797.0 	6897230.0 	7087412.0 	7301843.0 	7478678.0 	7777630.0 	8882292.0 	10077162.0 	9972052.0 	10041283.0 	10420855.0 	10236027.0 	10494742.0 	10591813.0 	10848277.0 	11059861.0 	10970972.0 	10698876.0 	10690979.0 	10540833.0 	10809208.0 
MIO_NAC,FA,S1,S1,L_LE,WRL_REST,LV	: 	: 	: 	: 	: 	: 	: 	: 	: 	: 	: 	: 	: 	: 	: 	: 	: 	: 	: 	: 	4562.0 	4716.0 	4957.0 	5423.0 	5545.0 	5951.0 	6045.0 	6662.0 	6976.0 	7090.0 	7370.0 	7789.0 	7844.0 	8292.0 	8829.0 	9255.0 	10017.0 	10714.0 	11840.0 	12546.0 	13268.0 	14045.0 	15076.0 	16292.0 	17354.0 	19150.0 	20989.0 	22849.0 	25754.0 	28111.0 	31153.0 	33104.0 	33395.0 	35333.0 	36359.0 	36089.0 	34885.0 	33868.0 	35381.0 	35100.0 	35437.0 	35465.0 	35421.0 	36587.0 	36035.0 	36476.0 	37016.0 	36963.0 	37911.0 	38543.0 	38356.0 	38544.0 	39778.0 	40108.0 	39982.0 	39750.0 	40391.0 	42748.0 	44287.0 	44470.0 	46948.0 	46389.0 	47352.0 	46624.0 	47912.0 	49181.0 	48361.0 	48598.0 	49117.0 	49406.0 	50085.0 	51014.0 	48833.0 	48148.0 
MIO_NAC,FA,S1,S1,L_LE,WRL_REST,MT	: 	: 	: 	: 	: 	: 	: 	: 	: 	: 	: 	: 	: 	: 	: 	: 	: 	: 	: 	: 	: 	: 	: 	: 	: 	: 	: 	: 	: 	: 	: 	: 	: 	: 	: 	: 	23780.1 	26711.8 	30397.3 	32992.6 	39323.0 	46062.6 	55046.7 	61607.0 	68251.7 	76244.7 	81574.4 	86766.7 	97724.7 	109534.9 	119444.4 	129187.1 	133376.0 	140720.2 	148328.6 	148589.6 	150142.9 	150324.4 	151589.8 	153404.6 	164286.5 	168735.4 	169830.1 	172789.8 	175255.7 	184392.0 	188634.9 	192081.0 	194442.1 	199990.9 	203085.0 	203024.0 	203453.8 	206115.8 	209329.1 	206447.5 	208842.4 	210194.3 	214096.0 	218852.8 	223495.0 	219060.5 	216444.3 	218962.2 	216877.7 	219201.7 	218980.3 	222037.9 	224686.1 	225891.1 	229774.8 	232065.2 	231942.5 	234706.2 
MIO_NAC,FA,S1,S1,L_LE,WRL_REST,NL	: 	: 	: 	: 	: 	: 	: 	: 	: 	: 	: 	: 	: 	: 	: 	: 	: 	: 	: 	: 	: 	: 	: 	: 	: 	: 	: 	: 	: 	: 	: 	: 	: 	2904466.0 	2935486.0 	3025812.0 	3112834.0 	3161524.0 	3218727.0 	3309006.0 	3483208.0 	3630776.0 	3775010.0 	3867513.0 	4094934.0 	4211334.0 	4381993.0 	4478501.0 	4696720.0 	4931627.0 	5100729.0 	5223813.0 	5292437.0 	5326042.0 	5346107.0 	5139551.0 	5267412.0 	5140920.0 	5220639.0 	5232716.0 	5396988.0 	5565756.0 	5679632.0 	5594035.0 	5714685.0 	5793444.0 	5979173.0 	6080597.0 	6177629.0 	6300383.0 	6385521.0 	6390513.0 	6474963.0 	6470312.0 	6473421.0 	6508156.0 	6693670.0 	6828144.0 	7007000.0 	7125030.0 	7736088.0 	7649658.0 	7764217.0 	7723514.0 	7912748.0 	8056445.0 	8133310.0 	8085867.0 	8364895.0 	8275784.0 	8273453.0 	8225888.0 	8240264.0 	8272982.0 
MIO_NAC,FA,S1,S1,L_LE,WRL_REST,PL	: 	: 	: 	: 	: 	: 	: 	: 	: 	: 	: 	: 	: 	: 	: 	: 	: 	: 	: 	: 	: 	: 	: 	: 	: 	: 	: 	: 	: 	: 	: 	: 	: 	: 	: 	: 	631053.0 	649520.0 	652858.0 	638735.0 	664962.0 	693382.0 	708260.0 	735299.0 	769526.0 	792836.0 	812472.0 	849689.0 	893256.0 	925915.0 	956177.0 	994919.0 	1033346.0 	1039566.0 	1059759.0 	1152596.0 	1239007.0 	1246085.0 	1270051.0 	1268699.0 	1312029.0 	1424548.0 	1476880.0 	1551592.0 	1620558.0 	1641762.0 	1698177.0 	1704534.0 	1719296.0 	1751230.0 	1765700.0 	1799095.0 	1828556.0 	1833215.0 	1857050.0 	1858518.0 	1879053.0 	1908711.0 	1978577.0 	1997534.0 	2017465.0 	2040078.0 	2030641.0 	2012596.0 	2051128.0 	2126668.0 	2123538.0 	2175903.0 	2170597.0 	2162287.0 	2177022.0 	2164573.0 	2180202.0 	2180288.0 
MIO_NAC,FA,S1,S1,L_LE,WRL_REST,PT	: 	: 	: 	: 	74813.0 	76148.0 	78700.0 	82059.0 	88394.0 	98217.0 	104480.0 	114574.0 	125544.5 	126850.5 	132282.1 	146679.0 	152309.0 	157668.0 	162013.0 	169721.0 	184799.0 	190415.0 	194689.0 	214713.0 	232043.0 	238146.0 	239051.0 	251927.0 	262342.0 	268472.0 	273669.0 	274754.0 	280284.0 	295667.0 	305489.0 	309888.0 	331436.0 	338042.0 	339380.0 	338477.0 	347422.0 	359674.0 	371379.0 	378060.0 	396813.0 	402896.0 	407051.0 	423908.0 	430433.0 	453300.0 	457406.0 	471480.0 	467051.0 	475671.0 	479910.0 	473868.0 	485776.0 	496142.0 	511710.0 	521588.0 	542970.0 	545550.0 	541778.0 	535898.0 	532574.0 	523451.0 	519715.0 	503826.0 	516569.0 	517668.0 	518067.0 	523453.0 	526124.0 	522500.0 	509956.0 	512772.0 	532684.0 	541543.0 	536762.0 	535187.0 	550812.0 	539707.0 	529307.0 	531322.0 	526859.0 	528928.0 	530149.0 	531662.0 	541921.0 	543879.0 	546725.0 	547409.0 	547074.0 	550246.0 
MIO_NAC,FA,S1,S1,L_LE,WRL_REST,RO	: 	: 	: 	: 	: 	: 	: 	: 	: 	: 	: 	: 	: 	: 	: 	: 	: 	: 	: 	: 	: 	: 	: 	: 	: 	: 	: 	: 	: 	: 	: 	: 	: 	: 	: 	: 	: 	: 	: 	: 	137946.0 	149838.0 	165027.0 	181502.0 	188888.0 	202592.0 	216615.0 	234984.0 	251978.0 	262217.0 	307895.0 	331549.0 	354778.0 	375680.0 	405151.0 	433684.0 	460506.0 	475026.0 	498248.0 	504387.0 	517084.0 	549583.0 	550885.0 	559291.0 	554181.0 	581668.0 	595319.0 	600311.0 	615259.0 	621162.0 	631615.0 	631182.0 	629964.0 	628653.0 	631431.0 	633102.0 	618004.0 	615968.0 	619435.0 	631722.0 	620783.0 	617684.0 	609218.0 	635487.0 	621699.0 	632317.0 	644497.0 	658079.0 	672534.0 	686740.0 	688342.0 	713935.0 	724916.0 	726765.0 
MIO_NAC,FA,S1,S1,L_LE,WRL_REST,SE	: 	: 	: 	: 	: 	: 	: 	: 	: 	: 	: 	: 	: 	: 	: 	3341124.0 	3576237.0 	3506649.0 	3475277.0 	4021391.0 	4184498.0 	4324404.0 	4476864.0 	4757835.0 	5018712.0 	5069203.0 	4984169.0 	4942591.0 	4753004.0 	4580240.0 	4410095.0 	4679316.0 	4694603.0 	4902106.0 	4828805.0 	5003812.0 	5258186.0 	5339968.0 	5417423.0 	5756714.0 	6106689.0 	6396635.0 	6572891.0 	6787186.0 	7309064.0 	7103202.0 	7233474.0 	7409467.0 	8077470.0 	8019069.0 	8123728.0 	8368169.0 	8198451.0 	8241314.0 	8552111.0 	9169084.0 	9355706.0 	9384560.0 	9409161.0 	9493976.0 	9674035.0 	9993700.0 	9855668.0 	9728589.0 	9777401.0 	9841574.0 	10131700.0 	10205419.0 	10484979.0 	10552596.0 	10750306.0 	10498132.0 	10812881.0 	10798262.0 	10973544.0 	11244368.0 	11693061.0 	11807964.0 	11974031.0 	12216063.0 	12988104.0 	12480502.0 	12427496.0 	12219893.0 	12437820.0 	12556345.0 	12816121.0 	12655376.0 	14164638.0 	13874293.0 	13913236.0 	10216275.0 	14271043.0 	14640671.0 
MIO_NAC,FA,S1,S1,L_LE,WRL_REST,SI	: 	: 	: 	5293.0 	: 	: 	: 	6546.1 	: 	: 	: 	7751.9 	: 	: 	: 	8328.7 	: 	: 	: 	10114.5 	: 	: 	: 	11823.5 	10172.0 	10962.0 	12786.0 	13106.0 	13633.0 	14001.0 	14543.0 	15097.0 	15636.0 	16132.0 	16705.0 	17900.0 	18627.0 	19295.0 	19991.0 	20496.0 	21818.0 	22800.0 	24483.0 	26493.0 	27656.0 	28853.0 	29541.0 	31102.0 	36748.0 	38978.0 	41091.0 	43888.0 	46535.0 	48768.0 	49222.0 	48776.0 	47155.0 	47307.0 	50027.0 	50041.0 	50362.0 	51587.0 	51441.0 	50768.0 	52387.0 	52165.0 	52477.0 	50264.0 	52756.6 	52064.3 	51183.9 	51606.7 	51009.1 	51232.6 	50670.7 	50458.5 	53146.8 	55201.9 	55818.1 	56777.3 	58993.6 	56777.8 	57496.0 	57663.7 	58104.3 	57903.1 	57475.0 	57515.0 	57831.1 	57688.1 	56863.3 	57335.5 	57308.4 	57352.3 
MIO_NAC,FA,S1,S1,L_LE,WRL_REST,SK	: 	: 	: 	: 	: 	: 	: 	: 	: 	: 	: 	: 	: 	: 	: 	: 	: 	: 	: 	: 	: 	: 	: 	: 	: 	: 	: 	: 	: 	: 	: 	: 	: 	: 	: 	: 	36645.4 	38464.6 	40037.2 	42966.3 	49256.0 	48307.2 	50649.0 	53565.5 	54874.0 	57872.7 	55726.2 	55338.4 	56656.7 	58424.2 	60009.8 	62848.4 	64149.2 	66270.7 	66908.6 	69338.1 	78640.0 	82578.0 	84427.0 	82299.0 	81988.0 	83774.0 	85108.0 	85282.0 	88038.4 	89123.0 	90530.7 	90735.7 	92033.2 	91031.1 	88748.8 	90281.7 	94909.4 	97306.0 	98919.8 	97175.6 	104374.7 	102927.7 	105468.9 	103573.7 	105296.3 	103267.1 	102420.2 	104231.7 	105270.5 	107298.7 	110087.4 	115823.7 	119306.5 	120065.1 	123122.2 	136054.7 	138025.9 	141633.6 
MIO_NAC,FA,S1,S1,L_LE,WRL_REST,UK	: 	: 	: 	: 	: 	: 	: 	: 	: c	: c	: c	: c	: c	: c	: c	: c	2487188.0 	2582986.0 	2542915.0 	2632839.0 	2835003.0 	2975054.0 	3059573.0 	3136687.0 	3377328.0 	3369058.0 	3297999.0 	3341984.0 	3363352.0 	3315218.0 	3225022.0 	3295818.0 	3483729.0 	3629896.0 	3714471.0 	3721713.0 	4542149.0 	4512369.0 	4770259.0 	5011357.0 	5186794.0 	5602836.0 	5811748.0 	6038387.0 	6424276.0 	6460976.0 	6660255.0 	6683103.0 	6988047.0 	7367917.0 	7824856.0 	8367201.0 	9343960.0 	8937775.0 	9183828.0 	11364044.0 	11038835.0 	9278120.0 	9643274.0 	9129571.0 	10169795.0 	10450312.0 	11532842.0 	10312885.0 	10176986.0 	10231670.0 	11607820.0 	11244694.0 	11100274.0 	11286062.0 	11093578.0 	10923615.0 	11060652.0 	10829441.0 	10204594.0 	9957458.0 	9810153.0 	9751042.0 	10202756.0 	10620857.0 	11025876.0 	9830064.0 	10188363.0 	10001501.0 	10554118.0 	11381759.0 	11300640.0 	11013937.0 	10791545.0 	10759661.0 	10787399.0 	10906384.0 	10922805.0 	11068667.0 
MIO_NAC,FA,S1,S1,N_LE,WRL_REST,AT	: 	: 	: 	: 	: 	: 	: 	: 	: 	: 	: 	: 	: 	: 	: 	: 	-27346.0 	-24325.0 	-23113.0 	-34090.0 	-35744.0 	-36516.0 	-32616.0 	-34597.0 	-33529.0 	-35731.0 	-44666.0 	-46010.0 	-39120.0 	-49419.0 	-55701.0 	-46594.0 	-44934.0 	-38282.0 	-36324.0 	-29563.0 	-27929.0 	-28881.0 	-29040.0 	-31621.0 	-27278.0 	-26693.0 	-25012.0 	-39287.0 	-26863.0 	-32178.0 	-35726.0 	-34494.0 	-28763.0 	-24117.0 	-23316.0 	-27606.0 	-24864.0 	-19656.0 	-13539.0 	-29364.0 	-17717.0 	-15417.0 	-14120.0 	-14497.0 	-7535.0 	-9983.0 	-10685.0 	-15288.0 	-3589.0 	-12151.0 	-22013.0 	-5936.0 	-3035.0 	-5177.0 	-2268.0 	-10154.0 	2450.0 	4533.0 	4469.0 	4189.0 	1236.0 	2951.0 	12551.0 	11285.0 	15341.0 	15401.0 	11926.0 	7610.0 	2384.0 	1264.0 	2982.0 	13033.0 	15871.0 	10937.0 	13742.0 	13792.0 	15106.0 	18981.0 
MIO_NAC,FA,S1,S1,N_LE,WRL_REST,BE	: 	: 	: 	: 	: 	: 	: 	: 	: 	: 	: 	: 	: 	: 	: 	: 	: 	: 	: 	: 	: 	: 	: 	: 	: 	: 	: 	: 	: 	: 	: 	: 	: 	: 	: 	: 	: 	: 	: 	: 	95158.9 	108297.5 	105479.8 	119694.2 	116871.6 	108755.9 	109552.5 	112221.9 	111361.7 	129081.1 	122642.8 	115871.3 	192096.0 	194446.0 	189445.0 	183527.0 	180870.0 	188520.0 	188917.0 	200552.0 	214121.0 	228980.0 	218341.0 	238021.0 	235933.0 	238347.0 	232422.0 	230869.0 	232546.0 	241154.0 	239380.0 	200554.0 	197596.0 	197071.0 	192764.0 	203800.0 	164658.0 	156080.0 	150652.0 	180562.0 	196621.0 	188748.0 	178061.0 	188511.0 	182791.0 	174986.0 	186877.0 	242154.0 	251371.0 	230302.0 	222810.0 	230059.0 	218768.0 	232139.0 
MIO_NAC,FA,S1,S1,N_LE,WRL_REST,BG	: 	: 	: 	: 	: 	: 	: 	: 	: 	: 	: 	: 	: 	: 	: 	: 	: 	: 	: 	-9448.7 	-8046.5 	-8530.6 	-9176.8 	-9190.8 	-9677.3 	-9964.3 	-8926.5 	-8212.2 	-9865.6 	-9317.8 	-8702.0 	-8405.5 	-9426.1 	-9602.9 	-9420.9 	-9421.3 	-10709.0 	-10905.2 	-11677.9 	-12008.0 	-14088.1 	-14430.6 	-16196.9 	-20084.9 	-22808.4 	-25157.3 	-27137.8 	-30045.1 	-30927.2 	-35564.9 	-41855.7 	-48861.2 	-50936.2 	-56080.3 	-60723.3 	-68316.5 	-70695.3 	-71659.2 	-71511.5 	-70984.7 	-70859.7 	-71150.3 	-68962.0 	-68751.4 	-70303.6 	-68935.4 	-66573.4 	-66836.9 	-66603.9 	-66928.8 	-64888.4 	-63898.6 	-63551.5 	-64222.9 	-62249.1 	-60244.7 	-62363.8 	-62284.3 	-60702.7 	-60544.8 	-57794.7 	-58137.8 	-56478.3 	-55822.8 	-53644.5 	-51986.7 	-49105.4 	-46281.6 	-45469.9 	-45429.2 	-41170.8 	-42245.7 	-43278.8 	-40799.9 
MIO_NAC,FA,S1,S1,N_LE,WRL_REST,CY	: 	: 	: 	: 	: 	: 	: 	: 	: 	: 	: 	: 	: 	: 	: 	: 	: 	: 	: 	: 	: 	: 	: 	: 	: 	: 	: 	: 	: 	: 	: 	: 	: 	: 	: 	: 	: 	: 	: 	: 	: 	: 	: 	: 	: 	: 	: 	: 	: 	: 	: 	: 	-14012.0 	-15046.0 	-14921.0 	-15041.0 	-15099.0 	-17965.0 	-18479.0 	-18734.0 	-17108.0 	-19359.0 	-21374.0 	-21456.0 	-23992.0 	-23415.0 	-23320.0 	-25627.0 	-24102.0 	-23531.0 	-24118.0 	-25156.0 	-29378.0 	-27679.0 	-25686.0 	-25167.0 	-24867.0 	-24182.0 	-24648.0 	-25885.0 	-25716.0 	-25458.0 	-25267.0 	-25734.0 	-24345.0 	-24105.0 	-22723.0 	-22746.0 	-23671.0 	-23656.0 	-23460.0 	-23785.0 	-23004.0 	-22583.0 
MIO_NAC,FA,S1,S1,N_LE,WRL_REST,CZ	: 	: 	: 	58902.0 	: 	: 	: 	-68930.0 	: 	: 	: 	-106837.0 	: 	: 	: 	-117477.0 	: 	: 	: 	-110938.0 	-147847.0 	-137626.0 	-126129.0 	-191869.0 	-209307.0 	-221843.0 	-227475.0 	-244068.0 	-385618.0 	-359983.0 	-380163.0 	-397255.0 	-362220.0 	-392933.0 	-436862.0 	-527484.0 	-438448.0 	-523420.0 	-582379.0 	-734057.0 	-729641.0 	-709390.0 	-778959.0 	-753809.0 	-807049.0 	-866054.0 	-905171.0 	-988554.0 	-1084511.0 	-1180451.0 	-1324650.0 	-1398170.0 	-1398840.0 	-1480049.0 	-1502241.0 	-1533853.0 	-1522529.0 	-1650038.0 	-1715161.0 	-1725525.0 	-1717393.0 	-1714657.0 	-1804795.0 	-1822768.0 	-1841871.0 	-1906299.0 	-1879368.0 	-1822751.0 	-1890594.0 	-1876000.0 	-1904545.0 	-1864093.0 	-1789688.0 	-1827882.0 	-1761789.0 	-1695149.0 	-1579337.0 	-1642344.0 	-1630810.0 	-1577079.0 	-1383983.0 	-1384710.0 	-1463959.0 	-1512936.0 	-1381913.0 	-1350273.0 	-1349337.0 	-1283097.0 	-1023437.0 	-1193283.0 	-1249712.0 	-1337009.0 	-1309040.0 	-1261333.0 
MIO_NAC,FA,S1,S1,N_LE,WRL_REST,DE	: 	: 	: 	: 	: 	: 	: 	: 	: 	: 	: 	: 	: 	: 	: 	: 	: 	: 	: 	63732.0 	: 	: 	: 	33991.0 	: 	: 	: 	142219.0 	: 	: 	: 	-72.0 	: 	: 	: 	16698.0 	29652.0 	89540.0 	92502.0 	101988.0 	162266.0 	211925.0 	245039.0 	305745.0 	369522.0 	442727.0 	458655.0 	471717.0 	504536.0 	488101.0 	451535.0 	470902.0 	485518.0 	569614.0 	563653.0 	464769.0 	427604.0 	535817.0 	520058.0 	614308.0 	633733.0 	665725.0 	605294.0 	661713.0 	697569.0 	677871.0 	596968.0 	627095.0 	664484.0 	705954.0 	744340.0 	787230.0 	832928.0 	846140.0 	915794.0 	974739.0 	1015602.0 	1090821.0 	1174514.0 	1193744.0 	1226623.0 	1367538.0 	1410848.0 	1413830.0 	1424521.0 	1517601.0 	1539195.0 	1602511.0 	1661117.0 	1704430.0 	1713893.0 	1771400.0 	1834695.0 	1945518.0 
MIO_NAC,FA,S1,S1,N_LE,WRL_REST,DK	: 	: 	: 	: 	: 	: 	: 	: 	: 	: 	: 	: 	: 	: 	: 	: 	: 	: 	: 	: 	: 	: 	: 	: 	: 	: 	: 	: 	: 	: 	: 	: 	: 	: 	: 	: 	: 	: 	: 	: 	-69331.0 	-5807.0 	28084.0 	59957.0 	28971.0 	-28620.0 	23625.0 	-4833.0 	-81114.0 	-70969.0 	-77111.0 	-100406.0 	-160392.0 	-144910.0 	-105097.0 	-91925.0 	-90439.0 	-61635.0 	-632.0 	14648.0 	125220.0 	148188.0 	226132.0 	232256.0 	252458.0 	319261.0 	451187.0 	512523.0 	542987.0 	604702.0 	674825.0 	684239.0 	756533.0 	750597.0 	744399.0 	718686.0 	616110.0 	674389.0 	775757.0 	858461.0 	834138.0 	782825.0 	724745.0 	699441.0 	812427.0 	857824.0 	995937.0 	1141467.0 	1215988.0 	1107971.0 	1173033.0 	1209946.0 	1291371.0 	1389689.0 
MIO_NAC,FA,S1,S1,N_LE,WRL_REST,EE	: 	: 	: 	: 	-289.2 	-362.9 	-383.0 	-501.6 	-966.8 	-1077.4 	-1409.1 	-1568.6 	-1678.2 	-1478.8 	-1713.7 	-1843.7 	-2123.5 	-2473.1 	-2322.5 	-2768.9 	-3085.9 	-2834.0 	-2839.0 	-2966.4 	-2910.1 	-3048.9 	-2929.6 	-3368.6 	-3802.8 	-3805.5 	-3838.6 	-4167.8 	-4407.8 	-5109.6 	-5367.7 	-5738.4 	-6449.3 	-7019.4 	-7266.0 	-8381.3 	-9853.7 	-9799.8 	-9873.9 	-9533.3 	-9269.6 	-9197.9 	-9384.1 	-9911.3 	-10411.4 	-10942.2 	-11522.7 	-11579.2 	-12466.0 	-12636.0 	-12748.0 	-12457.0 	-12510.0 	-12115.0 	-11664.0 	-11326.0 	-11478.0 	-11323.0 	-10788.0 	-10479.0 	-10370.0 	-10083.0 	-9445.0 	-9127.0 	-9200.3 	-9365.3 	-9367.6 	-9170.1 	-10045.4 	-9786.8 	-9890.7 	-9478.7 	-9858.5 	-9703.8 	-9469.6 	-9425.5 	-9106.6 	-8788.9 	-8680.9 	-8300.3 	-8671.0 	-8602.4 	-8546.9 	-8430.4 	-8310.8 	-8069.9 	-7962.3 	-7416.9 	-7454.0 	-7202.0 
MIO_NAC,FA,S1,S1,N_LE,WRL_REST,EL	: 	: 	: 	: 	: 	: 	: 	: 	: 	: 	: 	: 	: 	: 	: 	: 	: 	: 	: 	: 	: 	: 	: 	: 	: 	: 	: 	: 	: 	: 	: 	: 	: 	: 	: 	-106621.0 	-115099.0 	-118278.0 	-120415.0 	-129680.0 	-129118.0 	-138425.0 	-151375.0 	-150675.0 	-163700.0 	-166510.0 	-173278.0 	-180033.0 	-186046.0 	-194594.0 	-212032.0 	-218018.0 	-203611.0 	-201953.0 	-199197.0 	-183322.0 	-190451.0 	-205468.0 	-221293.0 	-207792.0 	-209168.0 	-220803.0 	-235129.0 	-223693.0 	-234938.0 	-222809.0 	-217531.0 	-183862.0 	-208570.0 	-210646.0 	-215699.0 	-221569.0 	-221945.0 	-222481.0 	-226398.0 	-235606.0 	-239695.0 	-244030.0 	-236522.0 	-235734.0 	-236301.0 	-237862.0 	-234791.0 	-240013.0 	-240166.0 	-239001.0 	-238172.0 	-243271.0 	-244804.0 	-252047.0 	-245562.0 	-253231.0 	-252874.0 	-254613.0 
MIO_NAC,FA,S1,S1,N_LE,WRL_REST,ES	-93599.0 	-97004.0 	-96821.0 	-98646.0 	-104776.0 	-112193.0 	-110738.0 	-117725.0 	-124939.0 	-141148.0 	-147139.0 	-144208.0 	-179195.0 	-186216.0 	-173291.0 	-199650.0 	-196205.0 	-192108.0 	-189956.0 	-206400.0 	-230550.0 	-221325.0 	-234599.0 	-224816.0 	-247035.0 	-249334.0 	-250735.0 	-267087.0 	-279936.0 	-284353.0 	-282292.0 	-334660.0 	-344128.0 	-376657.0 	-370113.0 	-387288.0 	-405314.0 	-417598.0 	-431483.0 	-479388.0 	-495588.0 	-513740.0 	-547101.0 	-548344.0 	-565679.0 	-581796.0 	-629139.0 	-684030.0 	-741109.0 	-768849.0 	-810024.0 	-859883.0 	-889849.0 	-900535.0 	-898448.0 	-895684.0 	-919034.0 	-964509.0 	-997715.0 	-1009225.0 	-997186.0 	-944736.0 	-996931.0 	-957338.0 	-996290.0 	-1000162.0 	-996163.0 	-984142.0 	-971790.0 	-957459.0 	-972416.0 	-934535.0 	-930532.0 	-928761.0 	-953596.0 	-976711.0 	-1004402.0 	-1025100.0 	-1014787.0 	-1016562.0 	-1029248.0 	-992044.0 	-987088.0 	-967287.0 	-984061.0 	-962498.0 	-978537.0 	-954546.0 	-976280.0 	-1006320.0 	-997375.0 	-977698.0 	-981331.0 	-977786.0 
MIO_NAC,FA,S1,S1,N_LE,WRL_REST,FI	: 	: 	: 	: 	: 	: 	: 	: 	: 	: 	: 	: 	: 	: 	: 	: 	-113185.4 	-124563.7 	-125544.4 	-229982.8 	-251615.7 	-244018.2 	-206438.8 	-212535.3 	-125955.9 	-122462.7 	-87334.2 	-132966.6 	-112948.1 	-71066.9 	-63141.3 	-72052.8 	-87924.4 	-103591.5 	-90113.7 	-94851.7 	-44161.0 	-22483.7 	-15705.0 	-14788.0 	-14478.4 	-25588.7 	-19735.7 	-23091.9 	-41371.8 	-28842.4 	-24820.3 	-24582.6 	-30714.4 	-43898.1 	-57095.9 	-52005.6 	-25340.6 	-10714.8 	2428.5 	-8909.9 	-5071.6 	-11618.0 	-1889.8 	5723.5 	10229.4 	25566.8 	25701.7 	30959.8 	32877.7 	33043.2 	35313.1 	29724.3 	13805.6 	22072.9 	24268.2 	23406.2 	22602.5 	20173.9 	12455.8 	7833.6 	5428.5 	3657.2 	1288.1 	-6534.5 	-152.0 	8488.0 	5493.0 	3252.0 	11207.0 	8040.0 	4993.0 	: c	7118.0 	1720.0 	-2186.0 	5328.0 	-5850.0 	-8992.0 
MIO_NAC,FA,S1,S1,N_LE,WRL_REST,FR	: 	: 	: 	: 	: 	: 	: 	: 	: 	: 	: 	: 	: 	: 	: 	: 	62373.0 	81099.0 	95954.0 	12506.0 	4895.0 	-11771.0 	35262.0 	31925.0 	68090.0 	90357.0 	164560.0 	123556.0 	75495.0 	91261.0 	156713.0 	107175.0 	118619.0 	95568.0 	39915.0 	-49832.0 	-61705.0 	-73700.0 	-61014.0 	-58611.0 	-55767.0 	-55477.0 	-67653.0 	-35721.0 	-68211.0 	-117358.0 	-133730.0 	-89231.0 	-94200.0 	-196358.0 	-207715.0 	-172554.0 	-134768.0 	-146931.0 	-208111.0 	-275214.0 	-262457.0 	-256289.0 	-268257.0 	-287289.0 	-288928.0 	-263984.0 	-228676.0 	-185244.0 	-199598.0 	-237257.0 	-199920.0 	-178415.0 	-238090.0 	-227173.0 	-243336.0 	-267763.0 	-261390.0 	-326984.0 	-371493.0 	-350487.0 	-387374.0 	-395416.0 	-365681.0 	-335699.0 	-393928.0 	-328259.0 	-351533.0 	-284191.0 	-346581.0 	-319081.0 	-349639.0 	-332185.0 	-386222.0 	-417259.0 	-448331.0 	-461480.0 	-465142.0 	-444344.0 
MIO_NAC,FA,S1,S1,N_LE,WRL_REST,HR	: 	: 	: 	: 	: 	: 	: 	: 	: 	: 	: 	: 	: 	: 	: 	: 	: 	: 	: 	: 	: 	: 	: 	-44441.5 	-49730.0 	-53011.0 	-45205.0 	-33357.0 	-47879.0 	-49812.0 	-50184.0 	-55652.0 	-62095.0 	-69245.0 	-67917.0 	-83169.0 	-89867.0 	-97883.0 	-105710.0 	-118555.0 	-135040.0 	-137493.0 	-141957.0 	-151261.0 	-172477.0 	-188398.0 	-201728.0 	-216689.0 	-264527.0 	-277753.0 	-278174.0 	-287192.0 	-273385.0 	-266144.0 	-256463.0 	-256648.0 	-273465.0 	-279519.0 	-288148.0 	-287671.0 	-293663.0 	-288941.0 	-281887.0 	-309267.0 	-324203.0 	-323388.0 	-309810.0 	-305007.0 	-314317.0 	-311603.0 	-297069.0 	-299896.0 	-308368.0 	-300308.0 	-291609.0 	-293119.0 	-298856.0 	-299627.0 	-287361.0 	-282784.0 	-288698.0 	-286481.0 	-261377.0 	-259360.0 	-257449.0 	-253501.0 	-246430.0 	-245661.0 	-251704.0 	-244636.0 	-224900.0 	-228267.0 	-231814.0 	-223268.0 
MIO_NAC,FA,S1,S1,N_LE,WRL_REST,HU	-3301240.8 	-3510565.6 	-3494173.7 	-3528361.1 	-3693894.4 	-3807489.7 	-3878900.8 	-4154461.1 	-4492547.2 	-4753399.0 	-4969496.7 	-5703365.7 	-6003389.2 	-6238044.8 	-6266162.1 	-6700504.0 	-7044687.2 	-7511482.9 	-7779111.2 	-8527076.9 	-9487397.0 	-9214270.5 	-9184149.6 	-9422555.9 	-9308598.8 	-9238759.1 	-9086976.2 	-9933831.8 	-10327739.9 	-10449299.6 	-10571909.1 	-11067942.3 	-11545506.1 	-12320189.2 	-12873284.0 	-14506780.8 	-15395216.2 	-16104055.9 	-16668727.2 	-17540516.0 	-18533853.1 	-19152772.2 	-20519686.6 	-20660652.0 	-22194680.4 	-22102639.3 	-22485231.5 	-22965083.0 	-22449623.1 	-23236704.7 	-22963842.5 	-22618244.2 	-27428410.0 	-26615408.0 	-26177905.0 	-27667061.0 	-28395255.0 	-27338926.0 	-28782104.0 	-30386181.0 	-30679761.0 	-30308932.0 	-30268715.0 	-29472309.0 	-28860699.0 	-28143094.0 	-28302688.0 	-29926540.0 	-29477042.7 	-28738875.4 	-28212222.0 	-26953287.0 	-26619193.5 	-26546751.3 	-25746862.9 	-25145514.6 	-25718568.9 	-26181856.3 	-25836130.9 	-26159066.2 	-26784810.3 	-26609789.7 	-26714418.5 	-23222645.2 	-22864536.9 	-21306660.6 	-21584261.0 	-20736878.9 	-20161887.9 	-19546479.4 	-20328614.4 	-20305364.7 	-19795630.2 	-18748666.3 
MIO_NAC,FA,S1,S1,N_LE,WRL_REST,IE	: 	: 	: 	: 	: 	: 	: 	: 	: 	: 	: 	: 	: 	: 	: 	: 	: 	: 	: 	: 	: 	: 	: 	: 	: 	: 	: 	: 	4857.1 	-7326.9 	-27168.3 	-28489.0 	-44629.1 	-32215.2 	-34558.3 	-34240.9 	-36606.4 	-43879.9 	-40341.2 	-34764.4 	-71038.7 	-67204.5 	-75248.9 	-78686.1 	-96208.5 	-81546.0 	-54284.6 	-47655.5 	-53867.4 	-54079.7 	-57944.6 	-61892.0 	-115744.0 	-103535.0 	-120885.0 	-179713.0 	-204320.0 	-195590.0 	-211890.0 	-198228.0 	-177826.0 	-184538.0 	-195687.0 	-191997.0 	-229030.0 	-206483.0 	-228817.0 	-239292.0 	-255549.0 	-252033.0 	-245319.0 	-241241.0 	-254192.0 	-258014.0 	-279883.0 	-239757.0 	-279426.0 	-302822.0 	-310986.0 	-320867.0 	-518957.0 	-492990.0 	-501593.0 	-521499.0 	-477712.0 	-471802.0 	-470654.0 	-466388.0 	-469742.0 	-474474.0 	-461408.0 	-439224.0 	-434842.0 	-436865.0 
MIO_NAC,FA,S1,S1,N_LE,WRL_REST,IT	: 	: 	: 	: 	: 	: 	: 	: 	: 	: 	: 	: 	: 	: 	: 	: c	-37484.0 	-68086.0 	-54263.0 	-54015.0 	-55463.0 	-56475.0 	-64364.0 	-79138.0 	-91521.0 	-80616.0 	-83499.0 	-64082.0 	-60524.0 	-113038.0 	-113555.0 	-149490.0 	-183003.0 	-192488.0 	-176381.0 	-167137.0 	-164735.0 	-161068.0 	-180985.0 	-218056.0 	-261067.0 	-259107.0 	-257536.0 	-230078.0 	-249612.0 	-235276.0 	-288737.0 	-311083.0 	-337348.0 	-365291.0 	-386647.0 	-340772.0 	-365758.0 	-363041.0 	-325613.0 	-353485.0 	-352828.0 	-362447.0 	-363224.0 	-350862.0 	-341389.0 	-314470.0 	-360388.0 	-323755.0 	-356403.0 	-354803.0 	-312869.0 	-298999.0 	-340624.0 	-306180.0 	-312654.0 	-358220.0 	-343036.0 	-371530.0 	-366839.0 	-363506.0 	-397152.0 	-389757.0 	-386097.0 	-341018.0 	-353745.0 	-288719.0 	-343563.0 	-322858.0 	-318380.0 	-240147.0 	-207617.0 	-167150.0 	-142694.0 	-135441.0 	-124194.0 	-91673.0 	-124321.0 	-59077.0 
MIO_NAC,FA,S1,S1,N_LE,WRL_REST,LT	: 	: 	: 	: 	: 	: 	: 	: 	: 	: 	: 	: 	: 	: 	: 	: 	: 	: 	: 	: 	: 	: 	: 	: 	: 	: 	: 	: 	: 	: 	: 	: 	: 	: 	: 	: 	-5727.9 	-6190.1 	-6268.1 	-6469.3 	-7434.3 	-7986.2 	-9294.8 	-8865.2 	-9750.2 	-9785.8 	-10676.0 	-11504.7 	-12911.5 	-14135.9 	-14947.5 	-15759.2 	-17117.1 	-18098.0 	-18240.5 	-16977.5 	-16534.1 	-16671.5 	-16945.6 	-15818.9 	-16456.8 	-16033.0 	-16228.9 	-15748.1 	-15759.9 	-16139.4 	-15841.4 	-16486.1 	-17803.5 	-17767.1 	-18129.3 	-17878.2 	-18297.0 	-17791.5 	-17137.1 	-16448.5 	-16438.0 	-16513.5 	-16548.3 	-16492.1 	-17674.7 	-17280.9 	-17036.5 	-16254.2 	-17488.3 	-17733.5 	-17485.4 	-16606.0 	-16697.3 	-16468.2 	-16239.8 	-15127.3 	-15366.8 	-14988.4 
MIO_NAC,FA,S1,S1,N_LE,WRL_REST,LU	: 	: 	: 	: 	: 	: 	: 	: 	: 	: 	: 	: 	: 	: 	: 	: 	: 	: 	: 	: 	: 	: 	: 	: 	: 	: 	: 	: 	: 	: 	: 	16137.0 	12920.0 	13273.0 	9183.0 	19208.0 	7433.0 	9590.0 	2944.0 	4998.0 	4154.0 	5601.0 	6508.0 	5904.0 	9722.0 	9428.0 	3093.0 	7212.0 	5488.0 	856.0 	-3253.0 	-6752.0 	39.0 	11780.0 	3180.0 	6220.0 	-9665.0 	-22027.0 	-29778.0 	-10693.0 	-14599.0 	-3013.0 	-9470.0 	-8200.0 	-2752.0 	-19754.0 	-12626.0 	12477.0 	32954.0 	61418.0 	39773.0 	22472.0 	23205.0 	20317.0 	12633.0 	25081.0 	21010.0 	7908.0 	15097.0 	24296.0 	7804.0 	8450.0 	35577.0 	16039.0 	16631.0 	9806.0 	34957.0 	24997.0 	15400.0 	32816.0 	24399.0 	26015.0 	12800.0 	15468.0 
MIO_NAC,FA,S1,S1,N_LE,WRL_REST,LV	: 	: 	: 	: 	: 	: 	: 	: 	: 	: 	: 	: 	: 	: 	: 	: 	: 	: 	: 	: 	-1560.0 	-1563.0 	-1664.0 	-2028.0 	-2279.0 	-2325.0 	-2491.0 	-2759.0 	-2904.0 	-3001.0 	-3175.0 	-3355.0 	-3436.0 	-3550.0 	-3692.0 	-3973.0 	-4408.0 	-4763.0 	-5042.0 	-5521.0 	-5895.0 	-6299.0 	-6855.0 	-7637.0 	-8232.0 	-8925.0 	-9824.0 	-11073.0 	-12376.0 	-13634.0 	-15177.0 	-15654.0 	-16287.0 	-17098.0 	-17793.0 	-18083.0 	-17484.0 	-16701.0 	-16297.0 	-15507.0 	-15259.0 	-14973.0 	-14894.0 	-14747.0 	-15190.0 	-15284.0 	-15307.0 	-15036.0 	-15026.0 	-15150.0 	-14963.0 	-14834.0 	-15570.0 	-15308.0 	-15437.0 	-15156.0 	-15650.0 	-15454.0 	-15392.0 	-15607.0 	-15598.0 	-15355.0 	-15619.0 	-15453.0 	-15140.0 	-14925.0 	-14821.0 	-14634.0 	-14534.0 	-14635.0 	-14992.0 	-15210.0 	-14943.0 	-14278.0 
MIO_NAC,FA,S1,S1,N_LE,WRL_REST,MT	: 	: 	: 	: 	: 	: 	: 	: 	: 	: 	: 	: 	: 	: 	: 	: 	: 	: 	: 	: 	: 	: 	: 	: 	: 	: 	: 	: 	: 	: 	: 	: 	: 	: 	: 	: 	1895.7 	1823.9 	995.0 	1835.9 	1510.8 	1809.5 	1924.3 	1846.2 	1614.5 	1514.5 	1622.9 	1497.0 	1479.9 	1635.1 	1456.7 	1234.6 	911.2 	613.8 	776.3 	256.7 	192.6 	354.9 	454.7 	774.8 	737.2 	802.5 	785.2 	800.2 	833.9 	653.9 	574.4 	428.4 	902.8 	1447.8 	634.5 	1404.6 	2668.8 	1727.8 	1948.2 	2060.3 	2663.7 	4062.0 	3586.6 	3659.9 	4365.5 	4543.2 	4323.4 	4836.7 	4972.5 	5439.1 	4961.8 	4606.4 	5984.8 	6665.9 	6696.6 	6969.7 	6811.6 	6770.4 
MIO_NAC,FA,S1,S1,N_LE,WRL_REST,NL	: 	: 	: 	: 	: 	: 	: 	: 	: 	: 	: 	: 	: 	: 	: 	: 	: 	: 	: 	: 	: 	: 	: 	: 	: 	: 	: 	: 	: 	: 	: 	: 	: 	22883.0 	33278.0 	-19768.0 	-7753.0 	-18578.0 	-2607.0 	-1098.0 	-19244.0 	-22853.0 	-53730.0 	-27400.0 	-49783.0 	-34982.0 	-57005.0 	-11292.0 	-45427.0 	-118845.0 	-94225.0 	-92075.0 	-91013.0 	-77441.0 	-62344.0 	-51505.0 	-65756.0 	-36257.0 	-24651.0 	8865.0 	22156.0 	8416.0 	67671.0 	70506.0 	82465.0 	94870.0 	127038.0 	130891.0 	132639.0 	135498.0 	163507.0 	174288.0 	205455.0 	192362.0 	186536.0 	202572.0 	186641.0 	212173.0 	241873.0 	322619.0 	414044.0 	315455.0 	344012.0 	345744.0 	413534.0 	454391.0 	493232.0 	444316.0 	443329.0 	433312.0 	414851.0 	439816.0 	443911.0 	445538.0 
MIO_NAC,FA,S1,S1,N_LE,WRL_REST,PL	: 	: 	: 	: 	: 	: 	: 	: 	: 	: 	: 	: 	: 	: 	: 	: 	: 	: 	: 	: 	: 	: 	: 	: 	: 	: 	: 	: 	: 	: 	: 	: 	: 	: 	: 	: 	-363456.0 	-373615.0 	-382287.0 	-381178.0 	-388660.0 	-389338.0 	-400490.0 	-413725.0 	-434491.0 	-447677.0 	-457734.0 	-480786.0 	-506245.0 	-535860.0 	-550991.0 	-584533.0 	-609203.0 	-618530.0 	-631241.0 	-714757.0 	-758432.0 	-765489.0 	-780015.0 	-786779.0 	-789096.0 	-817010.0 	-881319.0 	-940600.0 	-966418.0 	-985419.0 	-978167.0 	-977907.0 	-1031984.0 	-1021467.0 	-1035931.0 	-1064732.0 	-1066876.0 	-1074870.0 	-1112130.0 	-1142247.0 	-1162580.0 	-1158745.0 	-1188360.0 	-1188192.0 	-1160345.0 	-1159169.0 	-1141090.0 	-1117822.0 	-1142482.0 	-1135975.0 	-1150327.0 	-1145969.0 	-1171304.0 	-1205087.0 	-1211794.0 	-1213112.0 	-1195076.0 	-1168434.0 
MIO_NAC,FA,S1,S1,N_LE,WRL_REST,PT	: 	: 	: 	: 	-9281.0 	-10615.0 	-10471.0 	-12451.0 	-8938.0 	-15858.0 	-15790.0 	-15289.0 	-18970.9 	-20252.6 	-17096.6 	-27058.0 	-36096.0 	-37178.0 	-37463.0 	-40692.0 	-44575.0 	-47326.0 	-48024.0 	-53356.0 	-59808.0 	-59923.0 	-62616.0 	-66588.0 	-72073.0 	-76932.0 	-78981.0 	-83337.0 	-86454.0 	-89350.0 	-90319.0 	-91173.0 	-96326.0 	-99930.0 	-100518.0 	-101707.0 	-104323.0 	-106414.0 	-108319.0 	-110972.0 	-117143.0 	-120368.0 	-123499.0 	-131894.0 	-134358.0 	-143697.0 	-144308.0 	-155813.0 	-156402.0 	-157639.0 	-163211.0 	-170164.0 	-176062.0 	-182787.0 	-187150.0 	-189309.0 	-190185.0 	-187991.0 	-186617.0 	-187735.0 	-188459.0 	-185562.0 	-181142.0 	-177446.0 	-185346.0 	-188821.0 	-192448.0 	-196233.0 	-196040.0 	-199059.0 	-197512.0 	-197970.0 	-208967.0 	-207568.0 	-199812.0 	-205329.0 	-209923.0 	-206059.0 	-206183.0 	-203520.0 	-203234.0 	-198915.0 	-195137.0 	-196761.0 	-197928.0 	-201880.0 	-204045.0 	-204069.0 	-207588.0 	-209520.0 
MIO_NAC,FA,S1,S1,N_LE,WRL_REST,RO	: 	: 	: 	: 	: 	: 	: 	: 	: 	: 	: 	: 	: 	: 	: 	: 	: 	: 	: 	: 	: 	: 	: 	: 	: 	: 	: 	: 	: 	: 	: 	: 	: 	: 	: 	: 	: 	: 	: 	: 	-63836.0 	-69245.0 	-77129.0 	-85463.0 	-91870.0 	-104553.0 	-115380.0 	-125055.0 	-141843.0 	-153798.0 	-184476.0 	-196051.0 	-214417.0 	-237384.0 	-256598.0 	-275337.0 	-293726.0 	-302028.0 	-310119.0 	-316329.0 	-315430.0 	-333722.0 	-334608.0 	-338476.0 	-341712.0 	-352760.0 	-359493.0 	-369585.0 	-374811.0 	-382703.0 	-391149.0 	-401364.0 	-395263.0 	-394216.0 	-392143.0 	-398917.0 	-383043.0 	-381870.0 	-381291.0 	-383117.0 	-371296.0 	-372861.0 	-368483.0 	-389169.0 	-374026.0 	-373849.0 	-374780.0 	-375018.0 	-387157.0 	-394567.0 	-396142.0 	-409448.0 	-406217.0 	-415496.0 
MIO_NAC,FA,S1,S1,N_LE,WRL_REST,SE	: 	: 	: 	: 	: 	: 	: 	: 	: 	: 	: 	: 	: 	: 	: 	-745132.0 	-880524.0 	-527835.0 	-427384.0 	-731938.0 	-1049872.0 	-774380.0 	-809708.0 	-790553.0 	-1072477.0 	-892513.0 	-767855.0 	-575255.0 	-435613.0 	-472910.0 	-541013.0 	-536705.0 	-536491.0 	-565257.0 	-562467.0 	-465914.0 	-504740.0 	-550417.0 	-543999.0 	-607085.0 	-665735.0 	-636586.0 	-602311.0 	-504742.0 	-606036.0 	-597055.0 	-319122.0 	-304253.0 	-530054.0 	-367226.0 	-159128.0 	39226.0 	-73798.0 	-47437.0 	-119932.0 	-268691.0 	-422906.0 	-271868.0 	-313614.0 	-237940.0 	-356376.0 	-535418.0 	-705909.0 	-195903.0 	-120426.0 	-193265.0 	-131410.0 	-310017.0 	-274953.0 	-261210.0 	-372501.0 	-580404.0 	-508675.0 	-297949.0 	-279094.0 	-605549.0 	-621093.0 	-204153.0 	-176485.0 	-90607.0 	26996.0 	145518.0 	77109.0 	-49078.0 	-30396.0 	70294.0 	193415.0 	220842.0 	91379.0 	87491.0 	59385.0 	83099.0 	572935.0 	861059.0 
MIO_NAC,FA,S1,S1,N_LE,WRL_REST,SI	: 	: 	: 	330.9 	: 	: 	: 	-448.4 	: 	: 	: 	-392.5 	: 	: 	: 	-872.8 	: 	: 	: 	-2005.3 	: 	: 	: 	-2581.2 	-2635.0 	-2747.0 	-2251.0 	-485.0 	-493.0 	-623.0 	-373.0 	27.0 	-118.0 	-49.0 	-266.0 	-1481.0 	-1398.0 	-1534.0 	-1766.0 	-2130.0 	-2157.0 	-2051.0 	-2244.0 	-3160.0 	-3287.0 	-3546.0 	-3934.0 	-5289.0 	-6464.0 	-6958.0 	-7722.0 	-8950.0 	-10716.0 	-11590.0 	-12953.0 	-14935.0 	-15016.0 	-15039.0 	-15335.0 	-15767.0 	-15526.0 	-16415.0 	-16845.0 	-17097.0 	-16985.0 	-17171.0 	-17644.0 	-16675.0 	-18030.1 	-17719.0 	-17265.1 	-18059.5 	-16701.3 	-16906.7 	-16454.0 	-17087.1 	-17705.6 	-17572.4 	-17539.9 	-17219.0 	-16644.0 	-15871.6 	-15400.4 	-15399.2 	-15182.4 	-15034.7 	-15181.0 	-14858.0 	-14412.7 	-14044.9 	-13715.8 	-13869.3 	-13570.0 	-13075.3 
MIO_NAC,FA,S1,S1,N_LE,WRL_REST,SK	: 	: 	: 	: 	: 	: 	: 	: 	: 	: 	: 	: 	: 	: 	: 	: 	: 	: 	: 	: 	: 	: 	: 	: 	: 	: 	: 	: 	: 	: 	: 	: 	: 	: 	: 	: 	-13121.7 	-14330.0 	-15017.8 	-17934.0 	-19059.4 	-19364.3 	-20493.5 	-23940.2 	-24676.9 	-26402.6 	-27687.8 	-29525.1 	-27919.5 	-28350.9 	-29727.8 	-31717.9 	-32773.6 	-34848.4 	-35400.0 	-38346.1 	-41049.0 	-42650.0 	-42737.0 	-42555.0 	-39980.0 	-40594.0 	-41998.0 	-41863.0 	-42779.1 	-43874.0 	-45171.0 	-45512.3 	-44724.2 	-43987.2 	-44455.0 	-44671.1 	-44805.3 	-45037.6 	-46348.4 	-46212.1 	-48252.9 	-48368.1 	-47143.0 	-48385.8 	-48850.7 	-47993.0 	-48729.6 	-50984.0 	-50293.2 	-48820.4 	-49239.0 	-54112.4 	-53333.5 	-53405.1 	-54715.7 	-55630.9 	-56168.1 	-56816.9 
MIO_NAC,FA,S1,S1,N_LE,WRL_REST,UK	: 	: 	: 	: 	: 	: 	: 	: 	: c	: c	: c	: c	: c	: c	: c	: c	-75978.0 	-30539.0 	-25593.0 	-62190.0 	-38885.0 	37551.0 	25864.0 	26068.0 	33623.0 	19550.0 	14883.0 	-20643.0 	-4898.0 	28196.0 	45289.0 	44746.0 	74984.0 	43108.0 	38596.0 	35956.0 	24718.0 	-19344.0 	-61975.0 	-44140.0 	-40548.0 	-59114.0 	-69185.0 	-32619.0 	-64817.0 	-91347.0 	-91393.0 	-115278.0 	-44645.0 	-55643.0 	-93471.0 	-120697.0 	-78436.0 	-79489.0 	-8409.0 	153392.0 	-10803.0 	-147314.0 	-208037.0 	-241799.0 	-146408.0 	-191766.0 	-252824.0 	-121337.0 	-148510.0 	-98091.0 	-163450.0 	-186523.0 	-334963.0 	-388685.0 	-406586.0 	-482037.0 	-294919.0 	-273460.0 	-335517.0 	-317483.0 	-295908.0 	-349388.0 	-368960.0 	-407147.0 	-322217.0 	-255947.0 	-324671.0 	-381025.0 	-215873.0 	-119841.0 	-192754.0 	-47452.0 	-64590.0 	-136364.0 	-209960.0 	-175051.0 	-271138.0 	-247636.0 
